generic_generic_generic	RAW	Decision Threshold:,0.1,0.2,0.3,0.4,0.5,0.6,0.7,0.8,0.9|Precision,0.509,0.559,0.609,0.720,0.862,0.904,0.939,0.966,0.981|Recall (TPR),0.997,0.953,0.886,0.706,0.602,0.551,0.505,0.477,0.406|F1,0.674,0.705,0.722,0.711,0.708,0.683,0.655,0.637,0.574|Accuracy,0.517,0.600,0.658,0.714,0.752,0.745,0.736,0.730,0.699
generic_generic_generic	MAP	Decision Threshold:,0.1,0.2,0.3,0.4,0.5,0.6,0.7,0.8,0.9|Precision,0.507,0.556,0.652,0.766,0.855,0.897,0.929,0.945,0.953|Recall (TPR),0.986,0.920,0.826,0.737,0.672,0.603,0.536,0.483,0.428|F1,0.670,0.693,0.728,0.751,0.752,0.721,0.678,0.638,0.588|Accuracy,0.513,0.593,0.692,0.755,0.778,0.767,0.747,0.728,0.703
generic_generic_generic	LOC	Decision Threshold:,0.1,0.2,0.3,0.4,0.5,0.6,0.7,0.8,0.9|Precision,0.529,0.576,0.625,0.682,0.744,0.804,0.854,0.898,0.938|Recall (TPR),0.992,0.966,0.911,0.823,0.708,0.585,0.453,0.314,0.173|F1,0.690,0.721,0.741,0.746,0.725,0.676,0.590,0.464,0.291|Accuracy,0.554,0.626,0.681,0.720,0.732,0.720,0.687,0.639,0.581
generic_generic_generic	TSS	Decision Threshold:,0.1,0.2,0.3,0.4,0.5,0.6,0.7,0.8,0.9|Precision,0.523,0.550,0.583,0.632,0.688,0.739,0.791,0.877,0.986|Recall (TPR),0.995,0.970,0.913,0.845,0.708,0.522,0.340,0.178,0.044|F1,0.686,0.702,0.712,0.723,0.697,0.610,0.472,0.294,0.084|Accuracy,0.543,0.587,0.630,0.676,0.692,0.667,0.623,0.577,0.522
generic_generic_generic	RAW-MAP	Decision Threshold:,0.1,0.2,0.3,0.4,0.5,0.6,0.7,0.8,0.9|Precision,0.535,0.596,0.683,0.772,0.867,0.919,0.962,0.972,0.993|Recall (TPR),0.983,0.933,0.858,0.793,0.742,0.670,0.619,0.546,0.458|F1,0.693,0.728,0.760,0.782,0.799,0.774,0.752,0.698,0.626|Accuracy,0.565,0.651,0.730,0.779,0.814,0.805,0.797,0.765,0.728
generic_generic_generic	RAW-LOC	Decision Threshold:,0.1,0.2,0.3,0.4,0.5,0.6,0.7,0.8,0.9|Precision,0.544,0.606,0.691,0.781,0.875,0.946,0.986,0.994,0.998|Recall (TPR),0.996,0.972,0.924,0.853,0.746,0.660,0.600,0.528,0.424|F1,0.704,0.746,0.790,0.815,0.804,0.777,0.745,0.689,0.594|Accuracy,0.581,0.670,0.755,0.806,0.819,0.811,0.796,0.763,0.711
generic_generic_generic	RAW-TSS	Decision Threshold:,0.1,0.2,0.3,0.4,0.5,0.6,0.7,0.8,0.9|Precision,0.535,0.587,0.664,0.760,0.861,0.930,0.975,0.992,0.997|Recall (TPR),0.999,0.971,0.911,0.836,0.735,0.639,0.567,0.481,0.392|F1,0.697,0.731,0.768,0.796,0.792,0.756,0.715,0.647,0.562|Accuracy,0.565,0.643,0.723,0.785,0.807,0.795,0.776,0.738,0.695
generic_generic_generic	MAP-LOC	Decision Threshold:,0.1,0.2,0.3,0.4,0.5,0.6,0.7,0.8,0.9|Precision,0.556,0.639,0.724,0.816,0.889,0.938,0.963,0.978,0.990|Recall (TPR),0.987,0.965,0.927,0.862,0.789,0.716,0.645,0.572,0.456|F1,0.711,0.768,0.812,0.838,0.835,0.811,0.771,0.721,0.623|Accuracy,0.599,0.709,0.786,0.834,0.845,0.834,0.810,0.780,0.725
generic_generic_generic	MAP-TSS	Decision Threshold:,0.1,0.2,0.3,0.4,0.5,0.6,0.7,0.8,0.9|Precision,0.543,0.613,0.699,0.789,0.873,0.919,0.953,0.974,0.973|Recall (TPR),0.991,0.967,0.909,0.834,0.758,0.680,0.618,0.538,0.416|F1,0.702,0.750,0.790,0.811,0.811,0.781,0.748,0.691,0.581|Accuracy,0.579,0.678,0.759,0.805,0.823,0.810,0.793,0.762,0.702
generic_generic_generic	LOC-TSS	Decision Threshold:,0.1,0.2,0.3,0.4,0.5,0.6,0.7,0.8,0.9|Precision,0.526,0.571,0.621,0.685,0.744,0.817,0.886,0.933,0.962|Recall (TPR),0.994,0.973,0.931,0.856,0.723,0.594,0.454,0.295,0.113|F1,0.688,0.719,0.745,0.761,0.733,0.687,0.599,0.448,0.201|Accuracy,0.549,0.620,0.681,0.731,0.736,0.729,0.697,0.637,0.555
generic_generic_generic	RAW-MAP-LOC	Decision Threshold:,0.1,0.2,0.3,0.4,0.5,0.6,0.7,0.8,0.9|Precision,0.554,0.633,0.725,0.831,0.903,0.952,0.978,0.991,0.998|Recall (TPR),0.991,0.964,0.917,0.857,0.787,0.712,0.642,0.567,0.460|F1,0.711,0.764,0.809,0.843,0.840,0.814,0.774,0.720,0.629|Accuracy,0.596,0.702,0.784,0.841,0.851,0.838,0.814,0.781,0.730
generic_generic_generic	RAW-MAP-TSS	Decision Threshold:,0.1,0.2,0.3,0.4,0.5,0.6,0.7,0.8,0.9|Precision,0.538,0.615,0.708,0.790,0.883,0.940,0.974,0.991,0.998|Recall (TPR),0.993,0.975,0.913,0.837,0.753,0.699,0.627,0.549,0.445|F1,0.698,0.754,0.797,0.812,0.812,0.801,0.762,0.705,0.614|Accuracy,0.570,0.681,0.768,0.807,0.826,0.827,0.805,0.772,0.722
generic_generic_generic	RAW-LOC-TSS	Decision Threshold:,0.1,0.2,0.3,0.4,0.5,0.6,0.7,0.8,0.9|Precision,0.550,0.620,0.704,0.791,0.871,0.931,0.967,0.991,0.996|Recall (TPR),0.990,0.964,0.917,0.836,0.750,0.675,0.608,0.547,0.473|F1,0.707,0.754,0.796,0.812,0.806,0.781,0.745,0.704,0.641|Accuracy,0.589,0.686,0.764,0.806,0.819,0.812,0.793,0.771,0.736
generic_generic_generic	MAP-LOC-TSS	Decision Threshold:,0.1,0.2,0.3,0.4,0.5,0.6,0.7,0.8,0.9|Precision,0.554,0.640,0.726,0.807,0.869,0.929,0.961,0.980,0.990|Recall (TPR),0.985,0.965,0.919,0.857,0.785,0.708,0.640,0.564,0.451|F1,0.709,0.769,0.811,0.831,0.824,0.803,0.767,0.714,0.619|Accuracy,0.596,0.710,0.786,0.826,0.833,0.827,0.807,0.776,0.723
generic_generic_generic	RAW-MAP-LOC-TSS	Decision Threshold:,0.1,0.2,0.3,0.4,0.5,0.6,0.7,0.8,0.9|Precision,0.546,0.622,0.716,0.822,0.906,0.956,0.984,0.993,0.998|Recall (TPR),0.993,0.975,0.930,0.850,0.767,0.691,0.630,0.553,0.446|F1,0.705,0.759,0.809,0.835,0.831,0.801,0.768,0.710,0.615|Accuracy,0.583,0.691,0.780,0.832,0.844,0.830,0.810,0.775,0.722
human_ChIP-seq_single-end	RAW	Decision Threshold:,0.1,0.2,0.3,0.4,0.5,0.6,0.7,0.8,0.9|Precision,0.511,0.555,0.630,0.703,0.889,0.959,0.969,0.979,0.988|Recall (TPR),0.976,0.929,0.859,0.722,0.563,0.528,0.515,0.503,0.493|F1,0.671,0.694,0.726,0.705,0.688,0.679,0.670,0.661,0.654|Accuracy,0.521,0.591,0.676,0.701,0.746,0.753,0.749,0.746,0.743
human_ChIP-seq_single-end	MAP	Decision Threshold:,0.1,0.2,0.3,0.4,0.5,0.6,0.7,0.8,0.9|Precision,0.518,0.578,0.629,0.728,0.839,0.914,0.946,0.951,0.954|Recall (TPR),0.984,0.932,0.874,0.751,0.629,0.546,0.532,0.525,0.490|F1,0.679,0.713,0.731,0.737,0.718,0.682,0.679,0.674,0.645|Accuracy,0.534,0.625,0.679,0.736,0.754,0.748,0.751,0.749,0.734
human_ChIP-seq_single-end	LOC	Decision Threshold:,0.1,0.2,0.3,0.4,0.5,0.6,0.7,0.8,0.9|Precision,0.532,0.566,0.610,0.652,0.705,0.787,0.850,0.889,0.911|Recall (TPR),0.987,0.965,0.914,0.819,0.709,0.589,0.411,0.269,0.108|F1,0.691,0.713,0.731,0.725,0.706,0.673,0.552,0.409,0.190|Accuracy,0.559,0.612,0.664,0.690,0.705,0.714,0.670,0.619,0.549
human_ChIP-seq_single-end	TSS	Decision Threshold:,0.1,0.2,0.3,0.4,0.5,0.6,0.7,0.8,0.9|Precision,0.523,0.546,0.564,0.589,0.624,0.648,0.664,0.813,0.000|Recall (TPR),0.995,0.982,0.945,0.857,0.724,0.505,0.219,0.031,0.000|F1,0.685,0.702,0.706,0.698,0.670,0.566,0.329,0.059,0.000|Accuracy,0.543,0.582,0.607,0.629,0.644,0.614,0.557,0.512,0.500
human_ChIP-seq_single-end	RAW-MAP	Decision Threshold:,0.1,0.2,0.3,0.4,0.5,0.6,0.7,0.8,0.9|Precision,0.508,0.567,0.659,0.764,0.871,0.931,0.967,0.990,0.990|Recall (TPR),0.985,0.938,0.846,0.749,0.674,0.601,0.550,0.499,0.473|F1,0.670,0.706,0.740,0.754,0.758,0.728,0.698,0.660,0.637|Accuracy,0.515,0.611,0.704,0.759,0.788,0.779,0.766,0.747,0.734
human_ChIP-seq_single-end	RAW-LOC	Decision Threshold:,0.1,0.2,0.3,0.4,0.5,0.6,0.7,0.8,0.9|Precision,0.539,0.600,0.686,0.775,0.894,0.951,0.980,1.000,1.000|Recall (TPR),0.989,0.973,0.923,0.830,0.746,0.647,0.565,0.526,0.473|F1,0.697,0.742,0.786,0.800,0.808,0.765,0.713,0.685,0.637|Accuracy,0.570,0.662,0.748,0.793,0.826,0.805,0.776,0.763,0.737
human_ChIP-seq_single-end	RAW-TSS	Decision Threshold:,0.1,0.2,0.3,0.4,0.5,0.6,0.7,0.8,0.9|Precision,0.526,0.572,0.658,0.739,0.860,0.922,0.986,0.996,1.000|Recall (TPR),0.991,0.974,0.909,0.810,0.709,0.602,0.530,0.482,0.437|F1,0.687,0.721,0.763,0.772,0.775,0.727,0.687,0.647,0.604|Accuracy,0.548,0.622,0.718,0.762,0.797,0.776,0.761,0.740,0.718
human_ChIP-seq_single-end	MAP-LOC	Decision Threshold:,0.1,0.2,0.3,0.4,0.5,0.6,0.7,0.8,0.9|Precision,0.539,0.626,0.723,0.800,0.890,0.934,0.956,0.967,0.978|Recall (TPR),0.983,0.960,0.896,0.824,0.757,0.685,0.614,0.565,0.466|F1,0.696,0.757,0.798,0.810,0.815,0.788,0.745,0.710,0.629|Accuracy,0.570,0.692,0.774,0.809,0.832,0.819,0.793,0.773,0.728
human_ChIP-seq_single-end	MAP-TSS	Decision Threshold:,0.1,0.2,0.3,0.4,0.5,0.6,0.7,0.8,0.9|Precision,0.525,0.589,0.672,0.763,0.855,0.916,0.932,0.966,0.965|Recall (TPR),0.991,0.952,0.883,0.797,0.720,0.654,0.587,0.532,0.429|F1,0.686,0.728,0.763,0.778,0.780,0.761,0.718,0.683,0.593|Accuracy,0.547,0.643,0.726,0.773,0.800,0.798,0.773,0.758,0.707
human_ChIP-seq_single-end	LOC-TSS	Decision Threshold:,0.1,0.2,0.3,0.4,0.5,0.6,0.7,0.8,0.9|Precision,0.531,0.566,0.607,0.655,0.717,0.786,0.846,0.924,0.954|Recall (TPR),0.987,0.971,0.921,0.835,0.709,0.580,0.413,0.287,0.130|F1,0.691,0.715,0.731,0.734,0.712,0.666,0.552,0.435,0.226|Accuracy,0.558,0.612,0.662,0.697,0.715,0.710,0.670,0.634,0.562
human_ChIP-seq_single-end	RAW-MAP-LOC	Decision Threshold:,0.1,0.2,0.3,0.4,0.5,0.6,0.7,0.8,0.9|Precision,0.539,0.606,0.731,0.816,0.899,0.936,0.967,0.991,0.996|Recall (TPR),0.987,0.956,0.903,0.821,0.751,0.680,0.609,0.567,0.493|F1,0.697,0.742,0.807,0.816,0.816,0.785,0.744,0.716,0.656|Accuracy,0.570,0.666,0.784,0.817,0.833,0.816,0.794,0.781,0.746
human_ChIP-seq_single-end	RAW-MAP-TSS	Decision Threshold:,0.1,0.2,0.3,0.4,0.5,0.6,0.7,0.8,0.9|Precision,0.522,0.588,0.685,0.783,0.872,0.930,0.972,0.993,1.000|Recall (TPR),0.989,0.960,0.896,0.799,0.717,0.651,0.592,0.552,0.466|F1,0.684,0.729,0.776,0.790,0.785,0.763,0.733,0.706,0.632|Accuracy,0.542,0.643,0.741,0.789,0.806,0.802,0.788,0.774,0.733
human_ChIP-seq_single-end	RAW-LOC-TSS	Decision Threshold:,0.1,0.2,0.3,0.4,0.5,0.6,0.7,0.8,0.9|Precision,0.544,0.610,0.680,0.787,0.887,0.930,0.970,0.987,1.000|Recall (TPR),0.987,0.962,0.903,0.823,0.740,0.662,0.590,0.539,0.512|F1,0.701,0.746,0.775,0.803,0.803,0.769,0.730,0.692,0.672|Accuracy,0.580,0.673,0.738,0.800,0.821,0.805,0.786,0.766,0.756
human_ChIP-seq_single-end	MAP-LOC-TSS	Decision Threshold:,0.1,0.2,0.3,0.4,0.5,0.6,0.7,0.8,0.9|Precision,0.545,0.625,0.706,0.782,0.873,0.918,0.952,0.967,0.972|Recall (TPR),0.982,0.952,0.899,0.822,0.753,0.693,0.614,0.561,0.479|F1,0.701,0.755,0.790,0.800,0.806,0.787,0.744,0.707,0.639|Accuracy,0.581,0.690,0.761,0.797,0.822,0.816,0.792,0.771,0.733
human_ChIP-seq_single-end	RAW-MAP-LOC-TSS	Decision Threshold:,0.1,0.2,0.3,0.4,0.5,0.6,0.7,0.8,0.9|Precision,0.542,0.616,0.714,0.794,0.875,0.922,0.961,0.984,0.982|Recall (TPR),0.987,0.954,0.905,0.813,0.744,0.687,0.614,0.570,0.506|F1,0.700,0.749,0.797,0.802,0.801,0.785,0.746,0.718,0.665|Accuracy,0.577,0.680,0.770,0.801,0.818,0.815,0.795,0.781,0.749
human_ChIP-seq_paired-end	RAW	Decision Threshold:,0.1,0.2,0.3,0.4,0.5,0.6,0.7,0.8,0.9|Precision,0.500,0.500,0.500,0.523,0.830,0.817,0.880,0.850,0.850|Recall (TPR),1.000,1.000,0.986,0.950,0.356,0.263,0.241,0.199,0.071|F1,0.667,0.667,0.663,0.666,0.478,0.383,0.372,0.318,0.130|Accuracy,0.500,0.500,0.500,0.525,0.628,0.606,0.617,0.596,0.532
human_ChIP-seq_paired-end	MAP	Decision Threshold:,0.1,0.2,0.3,0.4,0.5,0.6,0.7,0.8,0.9|Precision,0.532,0.584,0.624,0.674,0.728,0.820,0.921,0.965,0.971|Recall (TPR),0.971,0.943,0.857,0.765,0.666,0.595,0.475,0.418,0.319|F1,0.687,0.721,0.720,0.714,0.690,0.685,0.622,0.571,0.469|Accuracy,0.557,0.635,0.667,0.695,0.705,0.730,0.716,0.698,0.652
human_ChIP-seq_paired-end	LOC	Decision Threshold:,0.1,0.2,0.3,0.4,0.5,0.6,0.7,0.8,0.9|Precision,0.539,0.588,0.629,0.669,0.754,0.833,0.881,0.949,0.917|Recall (TPR),0.979,0.964,0.914,0.800,0.700,0.566,0.454,0.341,0.170|F1,0.694,0.729,0.742,0.725,0.721,0.666,0.593,0.495,0.282|Accuracy,0.567,0.638,0.680,0.697,0.732,0.726,0.695,0.660,0.578
human_ChIP-seq_paired-end	TSS	Decision Threshold:,0.1,0.2,0.3,0.4,0.5,0.6,0.7,0.8,0.9|Precision,0.527,0.556,0.597,0.656,0.677,0.757,0.859,0.913,0.775|Recall (TPR),0.993,0.971,0.893,0.794,0.622,0.544,0.360,0.282,0.155|F1,0.688,0.707,0.714,0.716,0.643,0.625,0.500,0.417,0.251|Accuracy,0.550,0.596,0.641,0.684,0.659,0.683,0.652,0.630,0.574
human_ChIP-seq_paired-end	RAW-MAP	Decision Threshold:,0.1,0.2,0.3,0.4,0.5,0.6,0.7,0.8,0.9|Precision,0.521,0.572,0.618,0.658,0.748,0.869,0.952,0.971,0.971|Recall (TPR),0.986,0.943,0.864,0.750,0.680,0.588,0.489,0.418,0.305|F1,0.682,0.711,0.718,0.697,0.707,0.695,0.639,0.576,0.454|Accuracy,0.539,0.617,0.663,0.677,0.723,0.748,0.730,0.702,0.645
human_ChIP-seq_paired-end	RAW-LOC	Decision Threshold:,0.1,0.2,0.3,0.4,0.5,0.6,0.7,0.8,0.9|Precision,0.556,0.640,0.675,0.717,0.777,0.813,0.881,0.907,0.938|Recall (TPR),0.950,0.900,0.857,0.800,0.736,0.687,0.603,0.504,0.283|F1,0.700,0.744,0.747,0.747,0.752,0.742,0.713,0.643,0.430|Accuracy,0.592,0.690,0.712,0.729,0.758,0.765,0.759,0.723,0.631
human_ChIP-seq_paired-end	RAW-TSS	Decision Threshold:,0.1,0.2,0.3,0.4,0.5,0.6,0.7,0.8,0.9|Precision,0.543,0.580,0.625,0.719,0.792,0.831,0.890,0.887,0.973|Recall (TPR),0.971,0.915,0.808,0.716,0.666,0.567,0.532,0.447,0.411|F1,0.696,0.709,0.703,0.714,0.718,0.668,0.662,0.590,0.564|Accuracy,0.575,0.624,0.659,0.712,0.737,0.720,0.730,0.699,0.699
human_ChIP-seq_paired-end	MAP-LOC	Decision Threshold:,0.1,0.2,0.3,0.4,0.5,0.6,0.7,0.8,0.9|Precision,0.517,0.588,0.667,0.726,0.771,0.832,0.920,0.977,1.000|Recall (TPR),0.971,0.921,0.864,0.772,0.694,0.622,0.545,0.460,0.361|F1,0.675,0.716,0.749,0.745,0.725,0.706,0.674,0.614,0.521|Accuracy,0.532,0.635,0.709,0.737,0.740,0.747,0.744,0.723,0.681
human_ChIP-seq_paired-end	MAP-TSS	Decision Threshold:,0.1,0.2,0.3,0.4,0.5,0.6,0.7,0.8,0.9|Precision,0.543,0.588,0.639,0.685,0.758,0.812,0.918,0.958,1.000|Recall (TPR),0.986,0.943,0.893,0.821,0.687,0.559,0.460,0.404,0.306|F1,0.700,0.723,0.743,0.744,0.717,0.657,0.602,0.558,0.454|Accuracy,0.578,0.635,0.692,0.720,0.730,0.712,0.705,0.691,0.653
human_ChIP-seq_paired-end	LOC-TSS	Decision Threshold:,0.1,0.2,0.3,0.4,0.5,0.6,0.7,0.8,0.9|Precision,0.561,0.620,0.668,0.720,0.763,0.843,0.937,0.953,0.953|Recall (TPR),0.957,0.907,0.871,0.814,0.730,0.659,0.594,0.530,0.389|F1,0.706,0.735,0.754,0.759,0.739,0.729,0.720,0.674,0.547|Accuracy,0.599,0.670,0.716,0.744,0.744,0.755,0.772,0.751,0.684
human_ChIP-seq_paired-end	RAW-MAP-LOC	Decision Threshold:,0.1,0.2,0.3,0.4,0.5,0.6,0.7,0.8,0.9|Precision,0.563,0.616,0.670,0.722,0.798,0.846,0.877,0.933,0.975|Recall (TPR),0.950,0.893,0.821,0.779,0.750,0.694,0.595,0.496,0.397|F1,0.706,0.726,0.732,0.744,0.769,0.760,0.706,0.642,0.554|Accuracy,0.603,0.663,0.701,0.736,0.779,0.783,0.755,0.727,0.691
human_ChIP-seq_paired-end	RAW-MAP-TSS	Decision Threshold:,0.1,0.2,0.3,0.4,0.5,0.6,0.7,0.8,0.9|Precision,0.533,0.594,0.629,0.689,0.779,0.817,0.913,0.955,0.983|Recall (TPR),0.993,0.950,0.879,0.836,0.715,0.559,0.475,0.382,0.277|F1,0.693,0.730,0.731,0.752,0.742,0.656,0.617,0.536,0.418|Accuracy,0.560,0.646,0.677,0.727,0.755,0.712,0.712,0.680,0.635
human_ChIP-seq_paired-end	RAW-LOC-TSS	Decision Threshold:,0.1,0.2,0.3,0.4,0.5,0.6,0.7,0.8,0.9|Precision,0.597,0.638,0.688,0.764,0.795,0.857,0.917,0.928,0.975|Recall (TPR),0.950,0.921,0.836,0.779,0.701,0.658,0.609,0.567,0.474|F1,0.730,0.752,0.750,0.761,0.736,0.735,0.720,0.695,0.631|Accuracy,0.646,0.694,0.718,0.757,0.751,0.769,0.772,0.758,0.730
human_ChIP-seq_paired-end	MAP-LOC-TSS	Decision Threshold:,0.1,0.2,0.3,0.4,0.5,0.6,0.7,0.8,0.9|Precision,0.569,0.615,0.682,0.742,0.814,0.857,0.898,0.966,0.962|Recall (TPR),0.964,0.900,0.864,0.815,0.750,0.658,0.572,0.502,0.439|F1,0.714,0.728,0.758,0.770,0.775,0.737,0.689,0.652,0.593|Accuracy,0.614,0.663,0.726,0.758,0.786,0.772,0.751,0.740,0.709
human_ChIP-seq_paired-end	RAW-MAP-LOC-TSS	Decision Threshold:,0.1,0.2,0.3,0.4,0.5,0.6,0.7,0.8,0.9|Precision,0.556,0.611,0.701,0.751,0.807,0.869,0.880,0.915,1.000|Recall (TPR),0.957,0.900,0.850,0.800,0.736,0.644,0.580,0.523,0.425|F1,0.702,0.725,0.762,0.769,0.762,0.732,0.692,0.660,0.590|Accuracy,0.592,0.660,0.734,0.758,0.772,0.768,0.747,0.737,0.713
mouse_ChIP-seq_single-end	RAW	Decision Threshold:,0.1,0.2,0.3,0.4,0.5,0.6,0.7,0.8,0.9|Precision,0.700,0.835,0.875,0.933,0.942,0.974,0.981,0.980,1.000|Recall (TPR),0.950,0.925,0.919,0.888,0.876,0.857,0.851,0.820,0.776|F1,0.804,0.876,0.895,0.908,0.906,0.909,0.908,0.890,0.871|Accuracy,0.767,0.867,0.892,0.910,0.910,0.916,0.916,0.901,0.888
mouse_ChIP-seq_single-end	MAP	Decision Threshold:,0.1,0.2,0.3,0.4,0.5,0.6,0.7,0.8,0.9|Precision,0.806,0.880,0.932,0.942,0.964,0.970,0.975,0.981,0.980|Recall (TPR),0.956,0.931,0.919,0.912,0.888,0.888,0.882,0.869,0.825|F1,0.869,0.900,0.922,0.924,0.921,0.924,0.923,0.918,0.891|Accuracy,0.851,0.895,0.922,0.926,0.926,0.929,0.928,0.925,0.903
mouse_ChIP-seq_single-end	LOC	Decision Threshold:,0.1,0.2,0.3,0.4,0.5,0.6,0.7,0.8,0.9|Precision,0.570,0.649,0.708,0.729,0.747,0.794,0.801,0.855,0.843|Recall (TPR),0.994,0.963,0.926,0.858,0.789,0.665,0.509,0.367,0.149|F1,0.724,0.775,0.801,0.786,0.766,0.719,0.619,0.501,0.247|Accuracy,0.621,0.720,0.770,0.767,0.761,0.746,0.689,0.649,0.562
mouse_ChIP-seq_single-end	TSS	Decision Threshold:,0.1,0.2,0.3,0.4,0.5,0.6,0.7,0.8,0.9|Precision,0.614,0.684,0.723,0.750,0.810,0.835,0.892,0.906,0.900|Recall (TPR),0.919,0.888,0.869,0.832,0.794,0.751,0.701,0.614,0.465|F1,0.734,0.771,0.788,0.788,0.799,0.787,0.780,0.723,0.600|Accuracy,0.664,0.733,0.764,0.776,0.801,0.798,0.804,0.773,0.705
mouse_ChIP-seq_single-end	RAW-MAP	Decision Threshold:,0.1,0.2,0.3,0.4,0.5,0.6,0.7,0.8,0.9|Precision,0.723,0.848,0.926,0.953,0.959,0.975,0.981,0.979,1.000|Recall (TPR),0.963,0.944,0.931,0.919,0.900,0.894,0.888,0.857,0.826|F1,0.819,0.889,0.925,0.933,0.925,0.930,0.930,0.912,0.902|Accuracy,0.778,0.880,0.925,0.935,0.929,0.935,0.935,0.919,0.913
mouse_ChIP-seq_single-end	RAW-LOC	Decision Threshold:,0.1,0.2,0.3,0.4,0.5,0.6,0.7,0.8,0.9|Precision,0.838,0.898,0.934,0.945,0.963,0.969,0.975,0.979,0.986|Recall (TPR),0.938,0.938,0.913,0.907,0.901,0.901,0.888,0.851,0.820|F1,0.882,0.913,0.922,0.924,0.929,0.932,0.928,0.909,0.893|Accuracy,0.873,0.910,0.923,0.926,0.932,0.935,0.932,0.916,0.904
mouse_ChIP-seq_single-end	RAW-TSS	Decision Threshold:,0.1,0.2,0.3,0.4,0.5,0.6,0.7,0.8,0.9|Precision,0.656,0.747,0.827,0.925,0.938,0.957,0.987,1.000,1.000|Recall (TPR),0.994,0.944,0.919,0.869,0.826,0.808,0.776,0.721,0.671|F1,0.788,0.831,0.868,0.894,0.876,0.873,0.864,0.832,0.794|Accuracy,0.730,0.805,0.858,0.898,0.885,0.885,0.882,0.860,0.835
mouse_ChIP-seq_single-end	MAP-LOC	Decision Threshold:,0.1,0.2,0.3,0.4,0.5,0.6,0.7,0.8,0.9|Precision,0.919,0.935,0.940,0.948,0.953,0.970,0.976,0.976,0.976|Recall (TPR),0.938,0.938,0.938,0.938,0.926,0.919,0.913,0.907,0.888|F1,0.926,0.935,0.938,0.941,0.937,0.942,0.942,0.938,0.928|Accuracy,0.926,0.935,0.938,0.941,0.938,0.944,0.944,0.941,0.932
mouse_ChIP-seq_single-end	MAP-TSS	Decision Threshold:,0.1,0.2,0.3,0.4,0.5,0.6,0.7,0.8,0.9|Precision,0.721,0.835,0.904,0.946,0.970,0.970,0.970,0.969,0.978|Recall (TPR),0.969,0.938,0.925,0.894,0.888,0.888,0.888,0.869,0.782|F1,0.824,0.878,0.910,0.917,0.924,0.924,0.924,0.912,0.866|Accuracy,0.790,0.867,0.908,0.919,0.929,0.929,0.929,0.919,0.882
mouse_ChIP-seq_single-end	LOC-TSS	Decision Threshold:,0.1,0.2,0.3,0.4,0.5,0.6,0.7,0.8,0.9|Precision,0.607,0.754,0.790,0.835,0.860,0.877,0.913,0.920,0.929|Recall (TPR),0.951,0.869,0.832,0.832,0.814,0.770,0.745,0.677,0.528|F1,0.733,0.803,0.805,0.830,0.832,0.816,0.817,0.776,0.653|Accuracy,0.642,0.785,0.797,0.832,0.838,0.829,0.835,0.808,0.742
mouse_ChIP-seq_single-end	RAW-MAP-LOC	Decision Threshold:,0.1,0.2,0.3,0.4,0.5,0.6,0.7,0.8,0.9|Precision,0.856,0.904,0.930,0.948,0.948,0.960,0.976,0.982,0.993|Recall (TPR),0.950,0.944,0.931,0.925,0.925,0.919,0.907,0.888,0.863|F1,0.895,0.920,0.928,0.934,0.934,0.936,0.937,0.929,0.921|Accuracy,0.888,0.919,0.928,0.935,0.935,0.938,0.941,0.935,0.928
mouse_ChIP-seq_single-end	RAW-MAP-TSS	Decision Threshold:,0.1,0.2,0.3,0.4,0.5,0.6,0.7,0.8,0.9|Precision,0.696,0.822,0.926,0.953,0.970,0.970,0.975,0.980,0.984|Recall (TPR),0.975,0.938,0.919,0.912,0.894,0.888,0.882,0.857,0.783|F1,0.809,0.872,0.919,0.929,0.928,0.924,0.924,0.912,0.867|Accuracy,0.765,0.861,0.919,0.932,0.932,0.929,0.929,0.919,0.885
mouse_ChIP-seq_single-end	RAW-LOC-TSS	Decision Threshold:,0.1,0.2,0.3,0.4,0.5,0.6,0.7,0.8,0.9|Precision,0.745,0.860,0.899,0.932,0.962,0.968,0.986,0.986,0.985|Recall (TPR),0.938,0.925,0.901,0.882,0.857,0.845,0.832,0.814,0.764|F1,0.827,0.888,0.898,0.905,0.904,0.900,0.901,0.890,0.858|Accuracy,0.801,0.882,0.898,0.907,0.910,0.907,0.910,0.901,0.876
mouse_ChIP-seq_single-end	MAP-LOC-TSS	Decision Threshold:,0.1,0.2,0.3,0.4,0.5,0.6,0.7,0.8,0.9|Precision,0.722,0.835,0.896,0.943,0.970,0.970,0.975,0.987,1.000|Recall (TPR),0.981,0.956,0.925,0.907,0.894,0.888,0.876,0.851,0.770|F1,0.829,0.887,0.906,0.921,0.928,0.924,0.921,0.912,0.864|Accuracy,0.793,0.876,0.904,0.923,0.932,0.929,0.926,0.919,0.885
mouse_ChIP-seq_single-end	RAW-MAP-LOC-TSS	Decision Threshold:,0.1,0.2,0.3,0.4,0.5,0.6,0.7,0.8,0.9|Precision,0.711,0.833,0.927,0.958,0.970,0.975,0.980,1.000,1.000|Recall (TPR),0.981,0.944,0.931,0.913,0.894,0.888,0.869,0.839,0.776|F1,0.823,0.880,0.926,0.933,0.927,0.927,0.919,0.910,0.869|Accuracy,0.786,0.870,0.926,0.935,0.932,0.932,0.926,0.919,0.888
human_DNase-seq_paired-end	RAW	Decision Threshold:,0.1,0.2,0.3,0.4,0.5,0.6,0.7,0.8,0.9|Precision,0.633,0.651,0.651,0.828,0.827,0.827,0.851,0.880,0.905|Recall (TPR),0.990,0.990,0.990,0.784,0.774,0.774,0.611,0.441,0.333|F1,0.771,0.785,0.785,0.800,0.795,0.795,0.691,0.568,0.478|Accuracy,0.701,0.726,0.726,0.807,0.802,0.802,0.735,0.680,0.646
human_DNase-seq_paired-end	MAP	Decision Threshold:,0.1,0.2,0.3,0.4,0.5,0.6,0.7,0.8,0.9|Precision,0.690,0.782,0.815,0.860,0.889,0.895,0.909,0.956,0.935|Recall (TPR),0.990,0.980,0.951,0.931,0.921,0.861,0.833,0.774,0.576|F1,0.812,0.867,0.875,0.890,0.900,0.872,0.865,0.848,0.704|Accuracy,0.769,0.847,0.862,0.882,0.896,0.876,0.871,0.867,0.768
human_DNase-seq_paired-end	LOC	Decision Threshold:,0.1,0.2,0.3,0.4,0.5,0.6,0.7,0.8,0.9|Precision,0.742,0.857,0.921,0.949,0.949,0.958,0.973,0.973,0.991|Recall (TPR),0.990,0.951,0.921,0.911,0.891,0.882,0.882,0.853,0.804|F1,0.847,0.898,0.916,0.925,0.912,0.912,0.920,0.903,0.881|Accuracy,0.818,0.892,0.917,0.927,0.917,0.917,0.927,0.912,0.897
human_DNase-seq_paired-end	TSS	Decision Threshold:,0.1,0.2,0.3,0.4,0.5,0.6,0.7,0.8,0.9|Precision,0.683,0.739,0.762,0.805,0.850,0.892,0.901,0.946,0.873|Recall (TPR),1.000,1.000,0.980,0.950,0.930,0.852,0.773,0.655,0.398|F1,0.809,0.848,0.855,0.869,0.886,0.869,0.829,0.761,0.528|Accuracy,0.759,0.818,0.833,0.857,0.881,0.872,0.842,0.803,0.690
human_DNase-seq_paired-end	RAW-MAP	Decision Threshold:,0.1,0.2,0.3,0.4,0.5,0.6,0.7,0.8,0.9|Precision,0.694,0.748,0.782,0.819,0.870,0.924,0.942,0.941,0.986|Recall (TPR),0.990,0.990,0.960,0.931,0.901,0.871,0.851,0.735,0.539|F1,0.815,0.850,0.860,0.868,0.880,0.891,0.887,0.819,0.673|Accuracy,0.774,0.823,0.843,0.857,0.877,0.895,0.895,0.842,0.765
human_DNase-seq_paired-end	RAW-LOC	Decision Threshold:,0.1,0.2,0.3,0.4,0.5,0.6,0.7,0.8,0.9|Precision,0.845,0.892,0.913,0.929,0.938,0.947,0.973,0.982,0.989|Recall (TPR),0.990,0.980,0.980,0.960,0.960,0.950,0.941,0.921,0.881|F1,0.908,0.931,0.944,0.940,0.945,0.944,0.953,0.947,0.929|Accuracy,0.896,0.926,0.941,0.941,0.946,0.946,0.956,0.951,0.935
human_DNase-seq_paired-end	RAW-TSS	Decision Threshold:,0.1,0.2,0.3,0.4,0.5,0.6,0.7,0.8,0.9|Precision,0.840,0.867,0.894,0.911,0.928,0.938,0.938,0.948,0.947|Recall (TPR),0.940,0.931,0.921,0.921,0.911,0.911,0.911,0.891,0.881|F1,0.884,0.895,0.906,0.915,0.918,0.923,0.923,0.917,0.911|Accuracy,0.875,0.890,0.905,0.915,0.920,0.925,0.925,0.920,0.915
human_DNase-seq_paired-end	MAP-LOC	Decision Threshold:,0.1,0.2,0.3,0.4,0.5,0.6,0.7,0.8,0.9|Precision,0.808,0.851,0.881,0.921,0.937,0.957,0.973,0.982,0.980|Recall (TPR),0.990,0.980,0.980,0.970,0.960,0.960,0.950,0.920,0.831|F1,0.888,0.909,0.926,0.943,0.945,0.954,0.955,0.944,0.890|Accuracy,0.871,0.901,0.921,0.941,0.945,0.955,0.960,0.950,0.905
human_DNase-seq_paired-end	MAP-TSS	Decision Threshold:,0.1,0.2,0.3,0.4,0.5,0.6,0.7,0.8,0.9|Precision,0.865,0.911,0.921,0.921,0.938,0.938,0.938,0.937,0.937|Recall (TPR),0.960,0.940,0.940,0.940,0.940,0.940,0.930,0.920,0.901|F1,0.907,0.923,0.928,0.928,0.937,0.937,0.931,0.926,0.916|Accuracy,0.900,0.920,0.925,0.925,0.935,0.935,0.930,0.925,0.915
human_DNase-seq_paired-end	LOC-TSS	Decision Threshold:,0.1,0.2,0.3,0.4,0.5,0.6,0.7,0.8,0.9|Precision,0.732,0.957,0.963,0.962,0.981,0.990,0.990,0.990,0.990|Recall (TPR),0.990,0.951,0.921,0.912,0.902,0.892,0.892,0.882,0.843|F1,0.838,0.951,0.938,0.934,0.935,0.934,0.934,0.927,0.904|Accuracy,0.803,0.952,0.941,0.937,0.941,0.941,0.941,0.936,0.916
human_DNase-seq_paired-end	RAW-MAP-LOC	Decision Threshold:,0.1,0.2,0.3,0.4,0.5,0.6,0.7,0.8,0.9|Precision,0.883,0.906,0.923,0.930,0.958,0.958,0.965,0.973,0.973|Recall (TPR),0.980,0.980,0.970,0.970,0.960,0.950,0.950,0.950,0.940|F1,0.926,0.939,0.943,0.947,0.955,0.949,0.953,0.958,0.952|Accuracy,0.920,0.935,0.940,0.945,0.955,0.950,0.955,0.960,0.955
human_DNase-seq_paired-end	RAW-MAP-TSS	Decision Threshold:,0.1,0.2,0.3,0.4,0.5,0.6,0.7,0.8,0.9|Precision,0.865,0.886,0.895,0.904,0.913,0.918,0.925,0.924,0.922|Recall (TPR),0.971,0.951,0.941,0.941,0.941,0.941,0.921,0.901,0.891|F1,0.911,0.913,0.911,0.916,0.920,0.923,0.916,0.904,0.897|Accuracy,0.901,0.906,0.906,0.911,0.915,0.920,0.915,0.905,0.900
human_DNase-seq_paired-end	RAW-LOC-TSS	Decision Threshold:,0.1,0.2,0.3,0.4,0.5,0.6,0.7,0.8,0.9|Precision,0.837,0.895,0.921,0.929,0.938,0.973,0.973,0.982,0.990|Recall (TPR),0.970,0.960,0.960,0.960,0.960,0.940,0.940,0.930,0.880|F1,0.896,0.923,0.936,0.940,0.945,0.952,0.952,0.951,0.926|Accuracy,0.885,0.920,0.935,0.940,0.945,0.955,0.955,0.955,0.935
human_DNase-seq_paired-end	MAP-LOC-TSS	Decision Threshold:,0.1,0.2,0.3,0.4,0.5,0.6,0.7,0.8,0.9|Precision,0.862,0.884,0.897,0.905,0.941,0.953,0.953,0.960,0.968|Recall (TPR),0.990,0.980,0.960,0.960,0.960,0.950,0.950,0.950,0.940|F1,0.920,0.927,0.924,0.928,0.946,0.949,0.949,0.953,0.952|Accuracy,0.911,0.920,0.920,0.925,0.945,0.950,0.950,0.955,0.955
human_DNase-seq_paired-end	RAW-MAP-LOC-TSS	Decision Threshold:,0.1,0.2,0.3,0.4,0.5,0.6,0.7,0.8,0.9|Precision,0.902,0.916,0.929,0.927,0.941,0.963,0.973,0.982,0.982|Recall (TPR),0.980,0.970,0.970,0.950,0.950,0.950,0.950,0.940,0.930|F1,0.936,0.939,0.947,0.935,0.943,0.953,0.958,0.957,0.951|Accuracy,0.930,0.935,0.945,0.935,0.945,0.955,0.960,0.960,0.955
mouse_DNase-seq_paired-end	RAW	Decision Threshold:,0.1,0.2,0.3,0.4,0.5,0.6,0.7,0.8,0.9|Precision,0.756,0.776,0.776,0.797,0.872,0.890,0.910,0.930,0.730|Recall (TPR),0.950,0.950,0.950,0.850,0.730,0.710,0.710,0.665,0.450|F1,0.826,0.838,0.838,0.795,0.752,0.756,0.764,0.745,0.532|Accuracy,0.782,0.795,0.795,0.800,0.800,0.810,0.820,0.807,0.700
mouse_DNase-seq_paired-end	MAP	Decision Threshold:,0.1,0.2,0.3,0.4,0.5,0.6,0.7,0.8,0.9|Precision,0.890,0.898,0.918,0.918,0.918,0.918,0.915,0.915,0.935|Recall (TPR),0.930,0.905,0.905,0.905,0.905,0.905,0.885,0.860,0.815|F1,0.893,0.888,0.899,0.899,0.899,0.899,0.888,0.874,0.850|Accuracy,0.893,0.893,0.905,0.905,0.905,0.905,0.895,0.882,0.870
mouse_DNase-seq_paired-end	LOC	Decision Threshold:,0.1,0.2,0.3,0.4,0.5,0.6,0.7,0.8,0.9|Precision,0.805,0.980,0.980,0.980,0.980,0.980,0.980,1.000,1.000|Recall (TPR),1.000,0.980,0.980,0.980,0.960,0.935,0.910,0.885,0.835|F1,0.888,0.980,0.980,0.980,0.969,0.955,0.940,0.935,0.889|Accuracy,0.868,0.980,0.980,0.980,0.970,0.957,0.945,0.943,0.918
mouse_DNase-seq_paired-end	TSS	Decision Threshold:,0.1,0.2,0.3,0.4,0.5,0.6,0.7,0.8,0.9|Precision,0.790,0.963,0.963,0.960,0.960,0.960,0.960,0.960,0.980|Recall (TPR),1.000,1.000,1.000,0.980,0.980,0.935,0.910,0.910,0.820|F1,0.876,0.980,0.980,0.969,0.969,0.943,0.929,0.929,0.873|Accuracy,0.847,0.978,0.978,0.968,0.968,0.945,0.932,0.932,0.897
mouse_DNase-seq_paired-end	RAW-MAP	Decision Threshold:,0.1,0.2,0.3,0.4,0.5,0.6,0.7,0.8,0.9|Precision,0.780,0.812,0.812,0.852,0.905,0.900,0.938,0.963,0.983|Recall (TPR),0.955,0.955,0.955,0.955,0.955,0.930,0.930,0.905,0.885|F1,0.856,0.874,0.874,0.896,0.928,0.914,0.932,0.923,0.918|Accuracy,0.838,0.860,0.860,0.885,0.922,0.910,0.932,0.932,0.932
mouse_DNase-seq_paired-end	RAW-LOC	Decision Threshold:,0.1,0.2,0.3,0.4,0.5,0.6,0.7,0.8,0.9|Precision,0.841,0.891,0.923,0.940,0.960,0.960,0.960,0.960,0.980|Recall (TPR),1.000,0.980,0.955,0.935,0.935,0.910,0.910,0.910,0.835|F1,0.910,0.930,0.934,0.932,0.941,0.927,0.927,0.927,0.890|Accuracy,0.895,0.922,0.932,0.932,0.943,0.930,0.930,0.930,0.905
mouse_DNase-seq_paired-end	RAW-TSS	Decision Threshold:,0.1,0.2,0.3,0.4,0.5,0.6,0.7,0.8,0.9|Precision,0.955,0.955,0.955,0.955,0.955,0.955,0.955,0.955,0.955|Recall (TPR),0.955,0.955,0.955,0.955,0.955,0.955,0.955,0.955,0.955|F1,0.953,0.953,0.953,0.953,0.953,0.953,0.953,0.953,0.953|Accuracy,0.953,0.953,0.953,0.953,0.953,0.953,0.953,0.953,0.953
mouse_DNase-seq_paired-end	MAP-LOC	Decision Threshold:,0.1,0.2,0.3,0.4,0.5,0.6,0.7,0.8,0.9|Precision,0.910,0.910,0.923,0.943,0.943,0.943,0.943,0.960,0.960|Recall (TPR),1.000,1.000,1.000,1.000,1.000,1.000,0.980,0.980,0.930|F1,0.949,0.949,0.958,0.969,0.969,0.969,0.958,0.967,0.933|Accuracy,0.940,0.940,0.953,0.965,0.965,0.965,0.955,0.965,0.940
mouse_DNase-seq_paired-end	MAP-TSS	Decision Threshold:,0.1,0.2,0.3,0.4,0.5,0.6,0.7,0.8,0.9|Precision,0.895,0.907,0.923,0.923,0.923,0.980,0.980,0.980,0.980|Recall (TPR),1.000,1.000,0.975,0.955,0.955,0.955,0.955,0.930,0.910|F1,0.941,0.948,0.943,0.932,0.932,0.963,0.963,0.949,0.935|Accuracy,0.932,0.943,0.940,0.930,0.930,0.965,0.965,0.953,0.943
mouse_DNase-seq_paired-end	LOC-TSS	Decision Threshold:,0.1,0.2,0.3,0.4,0.5,0.6,0.7,0.8,0.9|Precision,0.791,0.897,0.980,0.980,0.980,0.980,1.000,1.000,1.000|Recall (TPR),1.000,1.000,0.980,0.980,0.980,0.980,0.885,0.865,0.865|F1,0.879,0.940,0.978,0.978,0.978,0.978,0.935,0.921,0.921|Accuracy,0.855,0.927,0.978,0.978,0.978,0.978,0.943,0.932,0.932
mouse_DNase-seq_paired-end	RAW-MAP-LOC	Decision Threshold:,0.1,0.2,0.3,0.4,0.5,0.6,0.7,0.8,0.9|Precision,0.806,0.865,0.927,0.960,0.960,0.980,1.000,1.000,1.000|Recall (TPR),1.000,1.000,0.960,0.960,0.960,0.940,0.865,0.840,0.795|F1,0.884,0.921,0.939,0.958,0.958,0.955,0.916,0.902,0.874|Accuracy,0.855,0.905,0.935,0.957,0.957,0.960,0.932,0.920,0.897
mouse_DNase-seq_paired-end	RAW-MAP-TSS	Decision Threshold:,0.1,0.2,0.3,0.4,0.5,0.6,0.7,0.8,0.9|Precision,0.931,0.943,0.943,0.943,0.963,0.963,0.963,0.960,0.947|Recall (TPR),1.000,1.000,0.975,0.975,0.975,0.950,0.950,0.930,0.840|F1,0.961,0.969,0.954,0.954,0.966,0.946,0.946,0.936,0.877|Accuracy,0.955,0.965,0.953,0.953,0.965,0.953,0.953,0.943,0.897
mouse_DNase-seq_paired-end	RAW-LOC-TSS	Decision Threshold:,0.1,0.2,0.3,0.4,0.5,0.6,0.7,0.8,0.9|Precision,0.907,0.907,0.907,0.923,0.920,0.940,0.980,0.980,0.980|Recall (TPR),1.000,1.000,0.975,0.955,0.935,0.935,0.935,0.935,0.910|F1,0.948,0.948,0.934,0.934,0.923,0.932,0.952,0.952,0.938|Accuracy,0.943,0.943,0.930,0.932,0.922,0.932,0.955,0.955,0.943
mouse_DNase-seq_paired-end	MAP-LOC-TSS	Decision Threshold:,0.1,0.2,0.3,0.4,0.5,0.6,0.7,0.8,0.9|Precision,0.855,0.918,0.963,0.960,0.960,0.960,0.980,1.000,1.000|Recall (TPR),1.000,1.000,0.980,0.960,0.960,0.935,0.890,0.840,0.795|F1,0.914,0.952,0.969,0.958,0.958,0.943,0.922,0.902,0.874|Accuracy,0.893,0.943,0.968,0.957,0.957,0.945,0.935,0.920,0.897
mouse_DNase-seq_paired-end	RAW-MAP-LOC-TSS	Decision Threshold:,0.1,0.2,0.3,0.4,0.5,0.6,0.7,0.8,0.9|Precision,0.855,0.918,0.951,0.960,0.960,0.960,1.000,1.000,1.000|Recall (TPR),1.000,1.000,0.980,0.960,0.960,0.935,0.890,0.840,0.795|F1,0.914,0.952,0.961,0.958,0.958,0.943,0.931,0.902,0.874|Accuracy,0.893,0.943,0.957,0.957,0.957,0.945,0.945,0.920,0.897
human_RNA-seq_single-end	RAW	Decision Threshold:,0.1,0.2,0.3,0.4,0.5,0.6,0.7,0.8,0.9|Precision,0.711,0.791,0.918,0.983,0.983,0.983,1.000,1.000,1.000|Recall (TPR),1.000,1.000,0.975,0.975,0.950,0.925,0.900,0.900,0.785|F1,0.820,0.874,0.944,0.977,0.962,0.948,0.943,0.943,0.861|Accuracy,0.760,0.840,0.940,0.978,0.965,0.953,0.950,0.950,0.893
human_RNA-seq_single-end	MAP	Decision Threshold:,0.1,0.2,0.3,0.4,0.5,0.6,0.7,0.8,0.9|Precision,0.963,0.963,0.963,0.963,0.963,0.963,0.963,0.963,0.963|Recall (TPR),0.975,0.975,0.975,0.975,0.975,0.975,0.975,0.975,0.975|F1,0.966,0.966,0.966,0.966,0.966,0.966,0.966,0.966,0.966|Accuracy,0.965,0.965,0.965,0.965,0.965,0.965,0.965,0.965,0.965
human_RNA-seq_single-end	LOC	Decision Threshold:,0.1,0.2,0.3,0.4,0.5,0.6,0.7,0.8,0.9|Precision,1.000,1.000,1.000,1.000,1.000,1.000,1.000,1.000,1.000|Recall (TPR),1.000,1.000,1.000,1.000,1.000,1.000,1.000,1.000,1.000|F1,1.000,1.000,1.000,1.000,1.000,1.000,1.000,1.000,1.000|Accuracy,1.000,1.000,1.000,1.000,1.000,1.000,1.000,1.000,1.000
human_RNA-seq_single-end	TSS	Decision Threshold:,0.1,0.2,0.3,0.4,0.5,0.6,0.7,0.8,0.9|Precision,0.890,0.940,0.957,0.967,1.000,1.000,1.000,1.000,1.000|Recall (TPR),0.925,0.905,0.905,0.905,0.905,0.880,0.855,0.835,0.815|F1,0.895,0.910,0.919,0.926,0.946,0.932,0.913,0.902,0.888|Accuracy,0.878,0.905,0.915,0.927,0.953,0.940,0.927,0.918,0.907
human_RNA-seq_single-end	RAW-MAP	Decision Threshold:,0.1,0.2,0.3,0.4,0.5,0.6,0.7,0.8,0.9|Precision,0.943,0.963,0.963,0.980,0.980,1.000,1.000,1.000,1.000|Recall (TPR),0.975,0.975,0.950,0.950,0.950,0.930,0.930,0.930,0.930|F1,0.954,0.966,0.951,0.960,0.960,0.960,0.960,0.960,0.960|Accuracy,0.953,0.965,0.953,0.963,0.963,0.965,0.965,0.965,0.965
human_RNA-seq_single-end	RAW-LOC	Decision Threshold:,0.1,0.2,0.3,0.4,0.5,0.6,0.7,0.8,0.9|Precision,0.980,0.980,0.980,0.980,1.000,1.000,1.000,1.000,1.000|Recall (TPR),0.975,0.975,0.975,0.975,0.975,0.975,0.975,0.975,0.925|F1,0.975,0.975,0.975,0.975,0.986,0.986,0.986,0.986,0.957|Accuracy,0.975,0.975,0.975,0.975,0.988,0.988,0.988,0.988,0.963
human_RNA-seq_single-end	RAW-TSS	Decision Threshold:,0.1,0.2,0.3,0.4,0.5,0.6,0.7,0.8,0.9|Precision,0.809,0.943,0.963,0.963,0.983,1.000,1.000,1.000,1.000|Recall (TPR),1.000,1.000,0.980,0.980,0.955,0.930,0.905,0.880,0.805|F1,0.884,0.969,0.969,0.969,0.966,0.960,0.946,0.927,0.875|Accuracy,0.853,0.965,0.968,0.968,0.968,0.965,0.953,0.940,0.903
human_RNA-seq_single-end	MAP-LOC	Decision Threshold:,0.1,0.2,0.3,0.4,0.5,0.6,0.7,0.8,0.9|Precision,1.000,1.000,1.000,1.000,1.000,1.000,1.000,1.000,1.000|Recall (TPR),0.975,0.975,0.975,0.975,0.975,0.975,0.975,0.975,0.975|F1,0.986,0.986,0.986,0.986,0.986,0.986,0.986,0.986,0.986|Accuracy,0.988,0.988,0.988,0.988,0.988,0.988,0.988,0.988,0.988
human_RNA-seq_single-end	MAP-TSS	Decision Threshold:,0.1,0.2,0.3,0.4,0.5,0.6,0.7,0.8,0.9|Precision,1.000,1.000,1.000,1.000,1.000,1.000,1.000,1.000,1.000|Recall (TPR),0.975,0.975,0.975,0.975,0.975,0.975,0.975,0.975,0.975|F1,0.986,0.986,0.986,0.986,0.986,0.986,0.986,0.986,0.986|Accuracy,0.988,0.988,0.988,0.988,0.988,0.988,0.988,0.988,0.988
human_RNA-seq_single-end	LOC-TSS	Decision Threshold:,0.1,0.2,0.3,0.4,0.5,0.6,0.7,0.8,0.9|Precision,0.980,0.980,0.980,1.000,1.000,1.000,1.000,1.000,1.000|Recall (TPR),1.000,1.000,1.000,0.975,0.975,0.975,0.975,0.975,0.975|F1,0.989,0.989,0.989,0.986,0.986,0.986,0.986,0.986,0.986|Accuracy,0.988,0.988,0.988,0.988,0.988,0.988,0.988,0.988,0.988
human_RNA-seq_single-end	RAW-MAP-LOC	Decision Threshold:,0.1,0.2,0.3,0.4,0.5,0.6,0.7,0.8,0.9|Precision,0.963,0.980,1.000,1.000,1.000,1.000,1.000,1.000,1.000|Recall (TPR),1.000,0.975,0.975,0.975,0.975,0.950,0.950,0.925,0.900|F1,0.980,0.975,0.986,0.986,0.986,0.971,0.971,0.957,0.943|Accuracy,0.978,0.975,0.988,0.988,0.988,0.975,0.975,0.963,0.950
human_RNA-seq_single-end	RAW-MAP-TSS	Decision Threshold:,0.1,0.2,0.3,0.4,0.5,0.6,0.7,0.8,0.9|Precision,0.960,0.980,1.000,1.000,1.000,1.000,1.000,1.000,1.000|Recall (TPR),0.975,0.975,0.975,0.975,0.950,0.950,0.950,0.950,0.925|F1,0.963,0.975,0.986,0.986,0.971,0.971,0.971,0.971,0.957|Accuracy,0.963,0.975,0.988,0.988,0.975,0.975,0.975,0.975,0.963
human_RNA-seq_single-end	RAW-LOC-TSS	Decision Threshold:,0.1,0.2,0.3,0.4,0.5,0.6,0.7,0.8,0.9|Precision,0.980,0.980,1.000,1.000,1.000,1.000,1.000,1.000,1.000|Recall (TPR),0.975,0.975,0.975,0.975,0.975,0.950,0.950,0.950,0.925|F1,0.975,0.975,0.986,0.986,0.986,0.971,0.971,0.971,0.957|Accuracy,0.975,0.975,0.988,0.988,0.988,0.975,0.975,0.975,0.963
human_RNA-seq_single-end	MAP-LOC-TSS	Decision Threshold:,0.1,0.2,0.3,0.4,0.5,0.6,0.7,0.8,0.9|Precision,1.000,1.000,1.000,1.000,1.000,1.000,1.000,1.000,1.000|Recall (TPR),0.955,0.955,0.955,0.955,0.955,0.955,0.955,0.955,0.955|F1,0.975,0.975,0.975,0.975,0.975,0.975,0.975,0.975,0.975|Accuracy,0.978,0.978,0.978,0.978,0.978,0.978,0.978,0.978,0.978
human_RNA-seq_single-end	RAW-MAP-LOC-TSS	Decision Threshold:,0.1,0.2,0.3,0.4,0.5,0.6,0.7,0.8,0.9|Precision,0.960,0.980,1.000,1.000,1.000,1.000,1.000,1.000,1.000|Recall (TPR),0.975,0.975,0.975,0.975,0.975,0.975,0.975,0.950,0.930|F1,0.963,0.975,0.986,0.986,0.986,0.986,0.986,0.971,0.960|Accuracy,0.963,0.975,0.988,0.988,0.988,0.988,0.988,0.975,0.965
human_mixedChIP-seq_single-end	RAW	Decision Threshold:,0.1,0.2,0.3,0.4,0.5,0.6,0.7,0.8,0.9|Precision,0.501,0.511,0.540,0.861,0.948,0.975,0.980,0.985,0.991|Recall (TPR),1.000,0.984,0.912,0.569,0.510,0.492,0.492,0.487,0.476|F1,0.667,0.672,0.677,0.674,0.661,0.651,0.652,0.648,0.639|Accuracy,0.501,0.520,0.564,0.730,0.741,0.739,0.741,0.739,0.735
human_mixedChIP-seq_single-end	MAP	Decision Threshold:,0.1,0.2,0.3,0.4,0.5,0.6,0.7,0.8,0.9|Precision,0.503,0.571,0.693,0.766,0.839,0.889,0.930,0.955,0.961|Recall (TPR),0.989,0.926,0.817,0.739,0.675,0.635,0.566,0.495,0.465|F1,0.667,0.706,0.748,0.749,0.746,0.739,0.700,0.649,0.624|Accuracy,0.505,0.614,0.727,0.754,0.771,0.777,0.759,0.734,0.722
human_mixedChIP-seq_single-end	LOC	Decision Threshold:,0.1,0.2,0.3,0.4,0.5,0.6,0.7,0.8,0.9|Precision,0.554,0.581,0.605,0.632,0.676,0.723,0.776,0.806,0.947|Recall (TPR),0.989,0.973,0.936,0.841,0.705,0.572,0.405,0.207,0.050|F1,0.710,0.727,0.735,0.721,0.687,0.635,0.524,0.323,0.094|Accuracy,0.596,0.633,0.660,0.673,0.680,0.674,0.644,0.580,0.523
human_mixedChIP-seq_single-end	TSS	Decision Threshold:,0.1,0.2,0.3,0.4,0.5,0.6,0.7,0.8,0.9|Precision,0.535,0.559,0.579,0.613,0.646,0.673,0.735,0.885,0.600|Recall (TPR),0.995,0.957,0.917,0.851,0.742,0.564,0.317,0.104,0.021|F1,0.696,0.705,0.709,0.710,0.689,0.611,0.439,0.182,0.041|Accuracy,0.565,0.600,0.624,0.655,0.668,0.642,0.601,0.543,0.511
human_mixedChIP-seq_single-end	RAW-MAP	Decision Threshold:,0.1,0.2,0.3,0.4,0.5,0.6,0.7,0.8,0.9|Precision,0.500,0.523,0.651,0.762,0.890,0.939,0.963,0.980,0.988|Recall (TPR),1.000,0.934,0.851,0.734,0.619,0.529,0.505,0.487,0.449|F1,0.667,0.670,0.737,0.745,0.728,0.673,0.659,0.647,0.613|Accuracy,0.500,0.541,0.697,0.749,0.770,0.746,0.742,0.738,0.722
human_mixedChIP-seq_single-end	RAW-LOC	Decision Threshold:,0.1,0.2,0.3,0.4,0.5,0.6,0.7,0.8,0.9|Precision,0.554,0.605,0.667,0.767,0.861,0.925,0.972,0.994,1.000|Recall (TPR),0.992,0.973,0.925,0.846,0.721,0.617,0.548,0.505,0.444|F1,0.711,0.746,0.774,0.802,0.782,0.738,0.698,0.667,0.609|Accuracy,0.596,0.667,0.730,0.791,0.800,0.783,0.766,0.751,0.722
human_mixedChIP-seq_single-end	RAW-TSS	Decision Threshold:,0.1,0.2,0.3,0.4,0.5,0.6,0.7,0.8,0.9|Precision,0.543,0.580,0.646,0.732,0.833,0.897,0.964,0.996,1.000|Recall (TPR),0.992,0.971,0.907,0.819,0.721,0.609,0.550,0.497,0.434|F1,0.701,0.726,0.753,0.772,0.772,0.723,0.697,0.659,0.599|Accuracy,0.577,0.633,0.702,0.758,0.787,0.770,0.765,0.747,0.717
human_mixedChIP-seq_single-end	MAP-LOC	Decision Threshold:,0.1,0.2,0.3,0.4,0.5,0.6,0.7,0.8,0.9|Precision,0.560,0.622,0.701,0.778,0.850,0.932,0.962,0.977,0.981|Recall (TPR),0.984,0.950,0.888,0.819,0.744,0.691,0.614,0.556,0.484|F1,0.713,0.752,0.782,0.796,0.792,0.791,0.748,0.705,0.646|Accuracy,0.604,0.685,0.752,0.790,0.806,0.819,0.794,0.770,0.737
human_mixedChIP-seq_single-end	MAP-TSS	Decision Threshold:,0.1,0.2,0.3,0.4,0.5,0.6,0.7,0.8,0.9|Precision,0.552,0.624,0.688,0.760,0.828,0.905,0.940,0.969,0.976|Recall (TPR),0.976,0.947,0.883,0.811,0.726,0.675,0.590,0.532,0.465|F1,0.705,0.752,0.773,0.783,0.771,0.772,0.723,0.684,0.626|Accuracy,0.591,0.686,0.741,0.775,0.785,0.800,0.775,0.756,0.726
human_mixedChIP-seq_single-end	LOC-TSS	Decision Threshold:,0.1,0.2,0.3,0.4,0.5,0.6,0.7,0.8,0.9|Precision,0.549,0.581,0.611,0.641,0.685,0.733,0.805,0.896,0.900|Recall (TPR),0.989,0.984,0.942,0.856,0.729,0.577,0.407,0.215,0.050|F1,0.706,0.730,0.740,0.732,0.703,0.642,0.532,0.342,0.094|Accuracy,0.587,0.636,0.668,0.685,0.692,0.681,0.653,0.596,0.525
human_mixedChIP-seq_single-end	RAW-MAP-LOC	Decision Threshold:,0.1,0.2,0.3,0.4,0.5,0.6,0.7,0.8,0.9|Precision,0.550,0.605,0.696,0.792,0.870,0.930,0.966,0.991,0.994|Recall (TPR),0.989,0.955,0.902,0.830,0.742,0.670,0.601,0.561,0.489|F1,0.707,0.740,0.785,0.808,0.799,0.776,0.739,0.715,0.653|Accuracy,0.589,0.664,0.753,0.803,0.814,0.808,0.789,0.778,0.743
human_mixedChIP-seq_single-end	RAW-MAP-TSS	Decision Threshold:,0.1,0.2,0.3,0.4,0.5,0.6,0.7,0.8,0.9|Precision,0.555,0.625,0.690,0.758,0.833,0.908,0.962,0.992,0.991|Recall (TPR),0.968,0.931,0.883,0.830,0.736,0.683,0.609,0.561,0.513|F1,0.705,0.747,0.774,0.790,0.780,0.779,0.743,0.714,0.673|Accuracy,0.594,0.684,0.742,0.781,0.794,0.806,0.791,0.778,0.754
human_mixedChIP-seq_single-end	RAW-LOC-TSS	Decision Threshold:,0.1,0.2,0.3,0.4,0.5,0.6,0.7,0.8,0.9|Precision,0.563,0.625,0.685,0.772,0.858,0.910,0.961,0.991,1.000|Recall (TPR),0.987,0.963,0.917,0.827,0.734,0.638,0.558,0.529,0.505|F1,0.717,0.757,0.783,0.798,0.789,0.747,0.704,0.687,0.668|Accuracy,0.609,0.690,0.745,0.790,0.804,0.786,0.767,0.762,0.753
human_mixedChIP-seq_single-end	MAP-LOC-TSS	Decision Threshold:,0.1,0.2,0.3,0.4,0.5,0.6,0.7,0.8,0.9|Precision,0.551,0.615,0.689,0.768,0.852,0.924,0.957,0.976,0.979|Recall (TPR),0.989,0.955,0.902,0.833,0.737,0.672,0.585,0.537,0.457|F1,0.708,0.748,0.780,0.797,0.789,0.776,0.724,0.690,0.620|Accuracy,0.591,0.677,0.745,0.787,0.803,0.807,0.778,0.761,0.723
human_mixedChIP-seq_single-end	RAW-MAP-LOC-TSS	Decision Threshold:,0.1,0.2,0.3,0.4,0.5,0.6,0.7,0.8,0.9|Precision,0.553,0.605,0.692,0.776,0.869,0.921,0.981,0.990,1.000|Recall (TPR),0.992,0.960,0.902,0.822,0.720,0.659,0.579,0.529,0.492|F1,0.710,0.742,0.782,0.797,0.785,0.766,0.727,0.687,0.657|Accuracy,0.595,0.665,0.747,0.791,0.804,0.800,0.783,0.762,0.746
human_narrowChIP-seq_single-end	RAW	Decision Threshold:,0.1,0.2,0.3,0.4,0.5,0.6,0.7,0.8,0.9|Precision,0.502,0.510,0.562,0.893,0.960,0.974,0.984,0.989,0.995|Recall (TPR),1.000,0.988,0.884,0.573,0.555,0.539,0.528,0.519,0.498|F1,0.669,0.673,0.686,0.696,0.700,0.691,0.684,0.677,0.660|Accuracy,0.504,0.519,0.594,0.752,0.765,0.762,0.759,0.756,0.747
human_narrowChIP-seq_single-end	MAP	Decision Threshold:,0.1,0.2,0.3,0.4,0.5,0.6,0.7,0.8,0.9|Precision,0.526,0.621,0.724,0.772,0.863,0.897,0.922,0.944,0.959|Recall (TPR),0.994,0.922,0.854,0.779,0.696,0.654,0.594,0.548,0.474|F1,0.688,0.741,0.782,0.772,0.768,0.755,0.721,0.691,0.631|Accuracy,0.549,0.679,0.761,0.773,0.791,0.789,0.771,0.758,0.727
human_narrowChIP-seq_single-end	LOC	Decision Threshold:,0.1,0.2,0.3,0.4,0.5,0.6,0.7,0.8,0.9|Precision,0.567,0.587,0.610,0.634,0.681,0.724,0.766,0.785,0.350|Recall (TPR),0.991,0.976,0.928,0.845,0.759,0.606,0.382,0.158,0.021|F1,0.721,0.732,0.735,0.723,0.716,0.656,0.507,0.261,0.040|Accuracy,0.615,0.642,0.663,0.673,0.698,0.686,0.629,0.557,0.505
human_narrowChIP-seq_single-end	TSS	Decision Threshold:,0.1,0.2,0.3,0.4,0.5,0.6,0.7,0.8,0.9|Precision,0.532,0.556,0.567,0.601,0.641,0.674,0.763,0.050,0.000|Recall (TPR),0.994,0.976,0.949,0.869,0.734,0.508,0.239,0.006,0.000|F1,0.693,0.708,0.709,0.711,0.683,0.577,0.360,0.011,0.000|Accuracy,0.560,0.596,0.611,0.645,0.660,0.631,0.581,0.498,0.500
human_narrowChIP-seq_single-end	RAW-MAP	Decision Threshold:,0.1,0.2,0.3,0.4,0.5,0.6,0.7,0.8,0.9|Precision,0.534,0.618,0.691,0.759,0.835,0.912,0.960,0.969,0.990|Recall (TPR),0.958,0.916,0.857,0.779,0.716,0.659,0.609,0.558,0.489|F1,0.686,0.738,0.764,0.767,0.769,0.764,0.744,0.705,0.652|Accuracy,0.561,0.674,0.736,0.766,0.787,0.798,0.793,0.770,0.742
human_narrowChIP-seq_single-end	RAW-LOC	Decision Threshold:,0.1,0.2,0.3,0.4,0.5,0.6,0.7,0.8,0.9|Precision,0.570,0.628,0.687,0.776,0.882,0.928,0.975,0.989,1.000|Recall (TPR),0.988,0.964,0.910,0.850,0.767,0.647,0.582,0.549,0.480|F1,0.722,0.760,0.782,0.810,0.819,0.761,0.728,0.704,0.644|Accuracy,0.618,0.692,0.745,0.801,0.831,0.798,0.783,0.771,0.740
human_narrowChIP-seq_single-end	RAW-TSS	Decision Threshold:,0.1,0.2,0.3,0.4,0.5,0.6,0.7,0.8,0.9|Precision,0.547,0.651,0.732,0.797,0.827,0.854,0.908,0.944,0.978|Recall (TPR),0.982,0.931,0.871,0.820,0.767,0.722,0.647,0.564,0.373|F1,0.703,0.765,0.795,0.807,0.794,0.781,0.754,0.704,0.537|Accuracy,0.584,0.715,0.776,0.805,0.802,0.798,0.791,0.765,0.682
human_narrowChIP-seq_single-end	MAP-LOC	Decision Threshold:,0.1,0.2,0.3,0.4,0.5,0.6,0.7,0.8,0.9|Precision,0.576,0.650,0.722,0.804,0.845,0.930,0.974,0.977,0.990|Recall (TPR),0.979,0.943,0.890,0.851,0.776,0.713,0.638,0.576,0.498|F1,0.724,0.769,0.796,0.825,0.808,0.806,0.770,0.722,0.660|Accuracy,0.625,0.715,0.772,0.819,0.816,0.830,0.810,0.780,0.746
human_narrowChIP-seq_single-end	MAP-TSS	Decision Threshold:,0.1,0.2,0.3,0.4,0.5,0.6,0.7,0.8,0.9|Precision,0.553,0.623,0.701,0.776,0.847,0.909,0.940,0.965,0.990|Recall (TPR),0.979,0.958,0.887,0.824,0.725,0.653,0.599,0.549,0.469|F1,0.706,0.754,0.782,0.798,0.780,0.758,0.729,0.698,0.634|Accuracy,0.593,0.685,0.752,0.793,0.795,0.794,0.779,0.764,0.731
human_narrowChIP-seq_single-end	LOC-TSS	Decision Threshold:,0.1,0.2,0.3,0.4,0.5,0.6,0.7,0.8,0.9|Precision,0.563,0.588,0.618,0.641,0.685,0.727,0.788,0.858,0.400|Recall (TPR),0.991,0.982,0.937,0.872,0.770,0.603,0.421,0.180,0.015|F1,0.718,0.735,0.743,0.737,0.723,0.658,0.546,0.292,0.029|Accuracy,0.609,0.644,0.674,0.688,0.703,0.688,0.652,0.572,0.507
human_narrowChIP-seq_single-end	RAW-MAP-LOC	Decision Threshold:,0.1,0.2,0.3,0.4,0.5,0.6,0.7,0.8,0.9|Precision,0.561,0.636,0.717,0.791,0.854,0.936,0.982,0.990,1.000|Recall (TPR),0.976,0.952,0.902,0.839,0.776,0.695,0.611,0.582,0.507|F1,0.712,0.762,0.798,0.813,0.812,0.797,0.752,0.731,0.670|Accuracy,0.605,0.701,0.770,0.807,0.821,0.824,0.800,0.788,0.753
human_narrowChIP-seq_single-end	RAW-MAP-TSS	Decision Threshold:,0.1,0.2,0.3,0.4,0.5,0.6,0.7,0.8,0.9|Precision,0.556,0.641,0.711,0.782,0.828,0.904,0.960,0.995,1.000|Recall (TPR),0.973,0.943,0.890,0.830,0.725,0.659,0.623,0.578,0.537|F1,0.708,0.762,0.788,0.804,0.771,0.761,0.754,0.730,0.696|Accuracy,0.597,0.703,0.761,0.798,0.786,0.794,0.798,0.788,0.768
human_narrowChIP-seq_single-end	RAW-LOC-TSS	Decision Threshold:,0.1,0.2,0.3,0.4,0.5,0.6,0.7,0.8,0.9|Precision,0.576,0.644,0.708,0.791,0.875,0.921,0.947,0.973,0.994|Recall (TPR),0.979,0.946,0.901,0.856,0.764,0.680,0.588,0.557,0.540|F1,0.725,0.764,0.791,0.821,0.814,0.781,0.724,0.706,0.698|Accuracy,0.626,0.703,0.758,0.813,0.825,0.810,0.777,0.771,0.768
human_narrowChIP-seq_single-end	MAP-LOC-TSS	Decision Threshold:,0.1,0.2,0.3,0.4,0.5,0.6,0.7,0.8,0.9|Precision,0.652,0.720,0.772,0.807,0.826,0.867,0.911,0.960,0.975|Recall (TPR),0.964,0.934,0.884,0.836,0.797,0.740,0.704,0.623,0.558|F1,0.777,0.811,0.821,0.818,0.808,0.796,0.794,0.754,0.708|Accuracy,0.723,0.779,0.806,0.814,0.810,0.812,0.818,0.798,0.771
human_narrowChIP-seq_single-end	RAW-MAP-LOC-TSS	Decision Threshold:,0.1,0.2,0.3,0.4,0.5,0.6,0.7,0.8,0.9|Precision,0.564,0.637,0.714,0.785,0.869,0.937,0.977,0.995,1.000|Recall (TPR),0.976,0.952,0.916,0.860,0.758,0.674,0.599,0.566,0.480|F1,0.714,0.762,0.801,0.819,0.808,0.782,0.741,0.720,0.646|Accuracy,0.608,0.702,0.772,0.810,0.821,0.813,0.792,0.782,0.740
human_broadChIP-seq_single-end	RAW	Decision Threshold:,0.1,0.2,0.3,0.4,0.5,0.6,0.7,0.8,0.9|Precision,0.500,0.500,0.500,0.450,0.700,0.700,0.700,0.700,0.700|Recall (TPR),0.975,0.975,0.975,0.695,0.270,0.270,0.270,0.270,0.270|F1,0.660,0.660,0.660,0.493,0.372,0.372,0.372,0.372,0.372|Accuracy,0.500,0.500,0.500,0.510,0.635,0.635,0.635,0.635,0.635
human_broadChIP-seq_single-end	MAP	Decision Threshold:,0.1,0.2,0.3,0.4,0.5,0.6,0.7,0.8,0.9|Precision,0.496,0.691,0.714,0.701,0.701,0.724,0.620,0.600,0.600|Recall (TPR),0.925,0.900,0.900,0.850,0.850,0.800,0.325,0.200,0.200|F1,0.642,0.772,0.789,0.757,0.757,0.750,0.387,0.293,0.293|Accuracy,0.487,0.728,0.753,0.728,0.728,0.740,0.613,0.600,0.600
human_broadChIP-seq_single-end	LOC	Decision Threshold:,0.1,0.2,0.3,0.4,0.5,0.6,0.7,0.8,0.9|Precision,0.579,0.618,0.648,0.666,0.682,0.718,0.658,0.725,0.650|Recall (TPR),1.000,0.950,0.950,0.875,0.660,0.535,0.435,0.295,0.195|F1,0.730,0.740,0.762,0.752,0.657,0.590,0.509,0.387,0.293|Accuracy,0.620,0.657,0.695,0.705,0.657,0.642,0.630,0.610,0.573
human_broadChIP-seq_single-end	TSS	Decision Threshold:,0.1,0.2,0.3,0.4,0.5,0.6,0.7,0.8,0.9|Precision,0.522,0.560,0.561,0.661,0.777,0.830,0.865,0.725,0.550|Recall (TPR),1.000,0.975,0.875,0.855,0.780,0.660,0.590,0.440,0.245|F1,0.685,0.709,0.680,0.740,0.766,0.701,0.666,0.537,0.333|Accuracy,0.535,0.595,0.580,0.695,0.767,0.742,0.733,0.657,0.597
human_broadChIP-seq_single-end	RAW-MAP	Decision Threshold:,0.1,0.2,0.3,0.4,0.5,0.6,0.7,0.8,0.9|Precision,0.520,0.537,0.620,0.722,0.768,0.847,0.867,0.950,0.900|Recall (TPR),0.925,0.900,0.825,0.805,0.715,0.640,0.470,0.420,0.270|F1,0.664,0.670,0.702,0.752,0.718,0.698,0.580,0.558,0.407|Accuracy,0.532,0.557,0.667,0.755,0.747,0.758,0.698,0.698,0.635
human_broadChIP-seq_single-end	RAW-LOC	Decision Threshold:,0.1,0.2,0.3,0.4,0.5,0.6,0.7,0.8,0.9|Precision,0.646,0.669,0.726,0.752,0.757,0.773,0.768,0.827,0.817|Recall (TPR),0.950,0.925,0.855,0.805,0.760,0.640,0.590,0.565,0.540|F1,0.754,0.763,0.772,0.763,0.743,0.676,0.641,0.634,0.618|Accuracy,0.677,0.703,0.742,0.755,0.745,0.710,0.708,0.733,0.720
human_broadChIP-seq_single-end	RAW-TSS	Decision Threshold:,0.1,0.2,0.3,0.4,0.5,0.6,0.7,0.8,0.9|Precision,0.514,0.564,0.666,0.720,0.792,0.700,0.733,0.450,0.400|Recall (TPR),1.000,0.955,0.930,0.880,0.830,0.565,0.395,0.170,0.120|F1,0.679,0.707,0.769,0.785,0.800,0.612,0.492,0.240,0.180|Accuracy,0.525,0.597,0.710,0.755,0.805,0.708,0.672,0.573,0.560
human_broadChIP-seq_single-end	MAP-LOC	Decision Threshold:,0.1,0.2,0.3,0.4,0.5,0.6,0.7,0.8,0.9|Precision,0.597,0.696,0.717,0.715,0.788,0.833,0.795,0.785,0.850|Recall (TPR),0.950,0.900,0.855,0.805,0.785,0.735,0.470,0.370,0.320|F1,0.730,0.773,0.767,0.747,0.762,0.746,0.533,0.462,0.446|Accuracy,0.642,0.728,0.742,0.730,0.755,0.767,0.647,0.622,0.647
human_broadChIP-seq_single-end	MAP-TSS	Decision Threshold:,0.1,0.2,0.3,0.4,0.5,0.6,0.7,0.8,0.9|Precision,0.578,0.685,0.717,0.760,0.802,0.817,0.792,0.750,0.633|Recall (TPR),0.930,0.930,0.880,0.855,0.830,0.730,0.580,0.415,0.270|F1,0.706,0.775,0.783,0.797,0.811,0.761,0.652,0.509,0.361|Accuracy,0.613,0.722,0.758,0.782,0.805,0.778,0.715,0.657,0.610
human_broadChIP-seq_single-end	LOC-TSS	Decision Threshold:,0.1,0.2,0.3,0.4,0.5,0.6,0.7,0.8,0.9|Precision,0.507,0.566,0.607,0.696,0.768,0.767,0.842,0.617,0.467|Recall (TPR),0.975,0.905,0.855,0.780,0.730,0.560,0.515,0.270,0.145|F1,0.667,0.689,0.704,0.728,0.741,0.629,0.620,0.364,0.210|Accuracy,0.512,0.578,0.625,0.690,0.740,0.705,0.733,0.610,0.560
human_broadChIP-seq_single-end	RAW-MAP-LOC	Decision Threshold:,0.1,0.2,0.3,0.4,0.5,0.6,0.7,0.8,0.9|Precision,0.573,0.644,0.709,0.772,0.862,0.907,0.907,0.932,0.950|Recall (TPR),0.925,0.925,0.900,0.830,0.755,0.710,0.685,0.615,0.415|F1,0.703,0.749,0.782,0.780,0.780,0.769,0.742,0.690,0.553|Accuracy,0.608,0.677,0.738,0.753,0.790,0.792,0.780,0.758,0.682
human_broadChIP-seq_single-end	RAW-MAP-TSS	Decision Threshold:,0.1,0.2,0.3,0.4,0.5,0.6,0.7,0.8,0.9|Precision,0.527,0.569,0.670,0.745,0.768,0.843,0.683,0.550,0.500|Recall (TPR),1.000,0.930,0.930,0.855,0.705,0.665,0.370,0.170,0.120|F1,0.690,0.701,0.770,0.784,0.728,0.714,0.462,0.253,0.193|Accuracy,0.547,0.600,0.713,0.770,0.753,0.758,0.647,0.573,0.560
human_broadChIP-seq_single-end	RAW-LOC-TSS	Decision Threshold:,0.1,0.2,0.3,0.4,0.5,0.6,0.7,0.8,0.9|Precision,0.765,0.749,0.764,0.789,0.809,0.834,0.849,0.849,0.842|Recall (TPR),0.875,0.850,0.825,0.825,0.825,0.825,0.800,0.775,0.750|F1,0.807,0.783,0.777,0.788,0.799,0.810,0.799,0.772,0.759|Accuracy,0.787,0.775,0.775,0.787,0.800,0.812,0.812,0.800,0.787
human_broadChIP-seq_single-end	MAP-LOC-TSS	Decision Threshold:,0.1,0.2,0.3,0.4,0.5,0.6,0.7,0.8,0.9|Precision,0.577,0.634,0.689,0.764,0.820,0.857,0.892,0.875,0.700|Recall (TPR),0.950,0.925,0.825,0.805,0.755,0.710,0.565,0.415,0.245|F1,0.716,0.748,0.745,0.772,0.774,0.764,0.657,0.538,0.346|Accuracy,0.620,0.682,0.718,0.758,0.780,0.782,0.733,0.670,0.622
human_broadChIP-seq_single-end	RAW-MAP-LOC-TSS	Decision Threshold:,0.1,0.2,0.3,0.4,0.5,0.6,0.7,0.8,0.9|Precision,0.512,0.626,0.640,0.748,0.827,0.880,0.900,0.900,0.975|Recall (TPR),0.950,0.900,0.900,0.875,0.705,0.660,0.615,0.590,0.445|F1,0.665,0.731,0.743,0.801,0.733,0.725,0.704,0.685,0.581|Accuracy,0.520,0.650,0.675,0.775,0.778,0.780,0.770,0.758,0.710
mouse_mixedChIP-seq_single-end	RAW	Decision Threshold:,0.1,0.2,0.3,0.4,0.5,0.6,0.7,0.8,0.9|Precision,0.729,0.826,0.872,0.918,0.956,0.964,0.972,0.971,0.968|Recall (TPR),0.943,0.925,0.896,0.887,0.869,0.869,0.860,0.814,0.738|F1,0.817,0.868,0.876,0.894,0.904,0.908,0.907,0.879,0.831|Accuracy,0.787,0.857,0.871,0.896,0.911,0.916,0.916,0.893,0.855
mouse_mixedChIP-seq_single-end	MAP	Decision Threshold:,0.1,0.2,0.3,0.4,0.5,0.6,0.7,0.8,0.9|Precision,0.685,0.821,0.877,0.923,0.952,0.969,0.968,0.968,0.989|Recall (TPR),0.972,0.934,0.915,0.887,0.878,0.859,0.840,0.840,0.811|F1,0.801,0.871,0.894,0.904,0.912,0.908,0.896,0.896,0.889|Accuracy,0.753,0.859,0.892,0.906,0.916,0.915,0.906,0.906,0.901
mouse_mixedChIP-seq_single-end	LOC	Decision Threshold:,0.1,0.2,0.3,0.4,0.5,0.6,0.7,0.8,0.9|Precision,0.556,0.603,0.682,0.686,0.739,0.766,0.868,0.707,0.367|Recall (TPR),0.954,0.925,0.906,0.888,0.823,0.740,0.506,0.202,0.047|F1,0.700,0.726,0.771,0.766,0.768,0.735,0.586,0.293,0.081|Accuracy,0.588,0.649,0.725,0.726,0.755,0.751,0.700,0.577,0.519
mouse_mixedChIP-seq_single-end	TSS	Decision Threshold:,0.1,0.2,0.3,0.4,0.5,0.6,0.7,0.8,0.9|Precision,0.593,0.645,0.685,0.721,0.759,0.767,0.783,0.868,0.913|Recall (TPR),0.945,0.890,0.871,0.832,0.776,0.710,0.642,0.519,0.436|F1,0.727,0.746,0.763,0.770,0.764,0.731,0.693,0.628,0.562|Accuracy,0.642,0.695,0.727,0.750,0.760,0.742,0.727,0.712,0.694
mouse_mixedChIP-seq_single-end	RAW-MAP	Decision Threshold:,0.1,0.2,0.3,0.4,0.5,0.6,0.7,0.8,0.9|Precision,0.737,0.846,0.910,0.929,0.953,0.952,0.952,0.972,0.989|Recall (TPR),0.953,0.915,0.915,0.915,0.906,0.877,0.868,0.841,0.785|F1,0.827,0.878,0.911,0.921,0.928,0.910,0.905,0.897,0.870|Accuracy,0.797,0.872,0.911,0.920,0.930,0.915,0.911,0.906,0.888
mouse_mixedChIP-seq_single-end	RAW-LOC	Decision Threshold:,0.1,0.2,0.3,0.4,0.5,0.6,0.7,0.8,0.9|Precision,0.662,0.753,0.828,0.889,0.926,0.933,0.978,0.990,1.000|Recall (TPR),0.962,0.943,0.915,0.897,0.888,0.841,0.775,0.709,0.672|F1,0.780,0.829,0.865,0.889,0.904,0.880,0.859,0.817,0.792|Accuracy,0.724,0.799,0.855,0.888,0.907,0.888,0.877,0.850,0.836
mouse_mixedChIP-seq_single-end	RAW-TSS	Decision Threshold:,0.1,0.2,0.3,0.4,0.5,0.6,0.7,0.8,0.9|Precision,0.662,0.726,0.786,0.861,0.945,0.980,0.989,1.000,1.000|Recall (TPR),0.972,0.953,0.925,0.879,0.870,0.804,0.757,0.720,0.681|F1,0.783,0.818,0.847,0.866,0.901,0.877,0.850,0.829,0.803|Accuracy,0.725,0.781,0.832,0.865,0.906,0.892,0.874,0.860,0.840
mouse_mixedChIP-seq_single-end	MAP-LOC	Decision Threshold:,0.1,0.2,0.3,0.4,0.5,0.6,0.7,0.8,0.9|Precision,0.800,0.848,0.865,0.916,0.944,0.960,0.969,0.978,0.989|Recall (TPR),0.924,0.924,0.915,0.905,0.896,0.887,0.887,0.868,0.821|F1,0.854,0.880,0.886,0.909,0.918,0.921,0.925,0.918,0.893|Accuracy,0.840,0.873,0.882,0.910,0.920,0.925,0.930,0.925,0.906
mouse_mixedChIP-seq_single-end	MAP-TSS	Decision Threshold:,0.1,0.2,0.3,0.4,0.5,0.6,0.7,0.8,0.9|Precision,0.759,0.839,0.908,0.938,0.953,0.953,0.962,0.960,0.956|Recall (TPR),0.963,0.944,0.915,0.905,0.887,0.877,0.877,0.858,0.773|F1,0.845,0.885,0.906,0.919,0.917,0.911,0.915,0.904,0.849|Accuracy,0.818,0.874,0.902,0.920,0.920,0.915,0.920,0.910,0.868
mouse_mixedChIP-seq_single-end	LOC-TSS	Decision Threshold:,0.1,0.2,0.3,0.4,0.5,0.6,0.7,0.8,0.9|Precision,0.549,0.613,0.671,0.737,0.808,0.825,0.874,0.853,0.692|Recall (TPR),0.964,0.926,0.890,0.843,0.787,0.701,0.655,0.398,0.144|F1,0.699,0.734,0.760,0.776,0.783,0.743,0.732,0.520,0.231|Accuracy,0.585,0.660,0.718,0.755,0.784,0.765,0.770,0.652,0.558
mouse_mixedChIP-seq_single-end	RAW-MAP-LOC	Decision Threshold:,0.1,0.2,0.3,0.4,0.5,0.6,0.7,0.8,0.9|Precision,0.795,0.868,0.914,0.930,0.955,0.962,0.980,0.979,0.988|Recall (TPR),0.934,0.925,0.915,0.905,0.905,0.896,0.878,0.860,0.813|F1,0.855,0.892,0.912,0.915,0.928,0.926,0.924,0.913,0.889|Accuracy,0.840,0.887,0.911,0.915,0.930,0.930,0.930,0.920,0.902
mouse_mixedChIP-seq_single-end	RAW-MAP-TSS	Decision Threshold:,0.1,0.2,0.3,0.4,0.5,0.6,0.7,0.8,0.9|Precision,0.808,0.863,0.909,0.940,0.946,0.953,0.952,0.952,0.971|Recall (TPR),0.954,0.954,0.935,0.935,0.906,0.888,0.878,0.860,0.840|F1,0.869,0.902,0.920,0.936,0.924,0.917,0.912,0.901,0.897|Accuracy,0.851,0.894,0.917,0.935,0.925,0.921,0.916,0.907,0.906
mouse_mixedChIP-seq_single-end	RAW-LOC-TSS	Decision Threshold:,0.1,0.2,0.3,0.4,0.5,0.6,0.7,0.8,0.9|Precision,0.648,0.707,0.776,0.870,0.944,0.972,0.991,0.990,1.000|Recall (TPR),0.971,0.943,0.925,0.888,0.870,0.832,0.757,0.691,0.652|F1,0.770,0.804,0.839,0.876,0.902,0.891,0.849,0.803,0.779|Accuracy,0.701,0.766,0.818,0.875,0.907,0.902,0.874,0.840,0.826
mouse_mixedChIP-seq_single-end	MAP-LOC-TSS	Decision Threshold:,0.1,0.2,0.3,0.4,0.5,0.6,0.7,0.8,0.9|Precision,0.699,0.782,0.852,0.908,0.946,0.962,0.969,0.976,0.980|Recall (TPR),0.963,0.943,0.924,0.896,0.887,0.887,0.868,0.803,0.701|F1,0.807,0.853,0.881,0.899,0.913,0.922,0.913,0.877,0.808|Accuracy,0.766,0.836,0.874,0.898,0.916,0.925,0.920,0.892,0.846
mouse_mixedChIP-seq_single-end	RAW-MAP-LOC-TSS	Decision Threshold:,0.1,0.2,0.3,0.4,0.5,0.6,0.7,0.8,0.9|Precision,0.842,0.898,0.916,0.939,0.956,0.953,0.952,0.960,0.967|Recall (TPR),0.933,0.933,0.924,0.915,0.915,0.896,0.887,0.868,0.832|F1,0.879,0.910,0.917,0.924,0.933,0.923,0.917,0.910,0.893|Accuracy,0.869,0.906,0.915,0.925,0.934,0.925,0.920,0.915,0.902
mouse_narrowChIP-seq_single-end	RAW	Decision Threshold:,0.1,0.2,0.3,0.4,0.5,0.6,0.7,0.8,0.9|Precision,0.871,0.902,0.931,0.953,0.963,0.963,0.975,0.975,0.975|Recall (TPR),0.942,0.918,0.918,0.906,0.883,0.883,0.883,0.883,0.883|F1,0.900,0.904,0.920,0.925,0.918,0.918,0.923,0.923,0.923|Accuracy,0.894,0.905,0.924,0.930,0.924,0.924,0.930,0.930,0.930
mouse_narrowChIP-seq_single-end	MAP	Decision Threshold:,0.1,0.2,0.3,0.4,0.5,0.6,0.7,0.8,0.9|Precision,0.723,0.860,0.918,0.940,0.950,0.950,0.960,0.986,0.983|Recall (TPR),0.932,0.919,0.919,0.919,0.919,0.919,0.907,0.894,0.821|F1,0.808,0.885,0.916,0.928,0.933,0.933,0.931,0.936,0.890|Accuracy,0.777,0.881,0.917,0.930,0.936,0.936,0.936,0.942,0.905
mouse_narrowChIP-seq_single-end	LOC	Decision Threshold:,0.1,0.2,0.3,0.4,0.5,0.6,0.7,0.8,0.9|Precision,0.532,0.648,0.703,0.747,0.759,0.784,0.802,0.897,0.650|Recall (TPR),0.965,0.915,0.881,0.857,0.821,0.758,0.599,0.393,0.121|F1,0.684,0.757,0.778,0.793,0.783,0.758,0.673,0.532,0.198|Accuracy,0.555,0.704,0.747,0.776,0.776,0.769,0.721,0.672,0.548
mouse_narrowChIP-seq_single-end	TSS	Decision Threshold:,0.1,0.2,0.3,0.4,0.5,0.6,0.7,0.8,0.9|Precision,0.672,0.742,0.756,0.793,0.827,0.855,0.849,0.863,0.889|Recall (TPR),0.928,0.878,0.819,0.819,0.797,0.762,0.703,0.654,0.486|F1,0.775,0.792,0.770,0.793,0.797,0.786,0.736,0.719,0.588|Accuracy,0.725,0.762,0.750,0.783,0.795,0.797,0.767,0.761,0.701
mouse_narrowChIP-seq_single-end	RAW-MAP	Decision Threshold:,0.1,0.2,0.3,0.4,0.5,0.6,0.7,0.8,0.9|Precision,0.835,0.877,0.924,0.951,0.956,0.967,0.967,0.989,0.989|Recall (TPR),0.943,0.943,0.932,0.932,0.919,0.919,0.919,0.919,0.885|F1,0.880,0.904,0.924,0.935,0.933,0.939,0.939,0.950,0.929|Accuracy,0.867,0.898,0.924,0.935,0.935,0.942,0.942,0.954,0.937
mouse_narrowChIP-seq_single-end	RAW-LOC	Decision Threshold:,0.1,0.2,0.3,0.4,0.5,0.6,0.7,0.8,0.9|Precision,0.700,0.816,0.883,0.917,0.955,0.964,0.975,1.000,1.000|Recall (TPR),0.965,0.918,0.918,0.883,0.871,0.846,0.821,0.808,0.774|F1,0.806,0.859,0.895,0.891,0.904,0.895,0.882,0.884,0.863|Accuracy,0.758,0.844,0.892,0.893,0.912,0.906,0.899,0.904,0.887
mouse_narrowChIP-seq_single-end	RAW-TSS	Decision Threshold:,0.1,0.2,0.3,0.4,0.5,0.6,0.7,0.8,0.9|Precision,0.687,0.766,0.843,0.909,0.947,0.972,1.000,1.000,1.000|Recall (TPR),0.978,0.943,0.931,0.871,0.847,0.835,0.797,0.761,0.736|F1,0.802,0.841,0.881,0.882,0.889,0.891,0.877,0.855,0.838|Accuracy,0.748,0.816,0.870,0.887,0.900,0.905,0.899,0.881,0.868
mouse_narrowChIP-seq_single-end	MAP-LOC	Decision Threshold:,0.1,0.2,0.3,0.4,0.5,0.6,0.7,0.8,0.9|Precision,0.769,0.802,0.963,0.986,0.986,0.986,0.986,0.986,0.986|Recall (TPR),0.954,0.931,0.894,0.894,0.894,0.894,0.894,0.894,0.894|F1,0.848,0.856,0.925,0.936,0.936,0.936,0.936,0.936,0.936|Accuracy,0.822,0.844,0.929,0.942,0.942,0.942,0.942,0.942,0.942
mouse_narrowChIP-seq_single-end	MAP-TSS	Decision Threshold:,0.1,0.2,0.3,0.4,0.5,0.6,0.7,0.8,0.9|Precision,0.952,0.952,0.952,0.952,0.952,0.952,0.952,0.952,0.952|Recall (TPR),0.919,0.919,0.919,0.919,0.919,0.919,0.919,0.919,0.919|F1,0.934,0.934,0.934,0.934,0.934,0.934,0.934,0.934,0.934|Accuracy,0.936,0.936,0.936,0.936,0.936,0.936,0.936,0.936,0.936
mouse_narrowChIP-seq_single-end	LOC-TSS	Decision Threshold:,0.1,0.2,0.3,0.4,0.5,0.6,0.7,0.8,0.9|Precision,0.635,0.677,0.719,0.739,0.787,0.779,0.885,0.900,0.875|Recall (TPR),0.929,0.871,0.846,0.821,0.786,0.726,0.676,0.601,0.514|F1,0.750,0.756,0.769,0.771,0.774,0.740,0.746,0.689,0.587|Accuracy,0.685,0.717,0.741,0.753,0.772,0.747,0.778,0.753,0.709
mouse_narrowChIP-seq_single-end	RAW-MAP-LOC	Decision Threshold:,0.1,0.2,0.3,0.4,0.5,0.6,0.7,0.8,0.9|Precision,0.771,0.848,0.917,0.937,0.948,0.975,0.975,0.986,0.986|Recall (TPR),0.965,0.943,0.918,0.907,0.907,0.907,0.894,0.894,0.882|F1,0.852,0.888,0.914,0.920,0.925,0.936,0.930,0.936,0.928|Accuracy,0.825,0.880,0.917,0.924,0.929,0.942,0.935,0.942,0.935
mouse_narrowChIP-seq_single-end	RAW-MAP-TSS	Decision Threshold:,0.1,0.2,0.3,0.4,0.5,0.6,0.7,0.8,0.9|Precision,0.761,0.830,0.902,0.932,0.930,0.952,0.952,0.986,0.983|Recall (TPR),0.943,0.943,0.932,0.932,0.919,0.908,0.908,0.896,0.836|F1,0.839,0.878,0.914,0.928,0.922,0.927,0.927,0.937,0.898|Accuracy,0.815,0.863,0.912,0.930,0.924,0.931,0.931,0.942,0.912
mouse_narrowChIP-seq_single-end	RAW-LOC-TSS	Decision Threshold:,0.1,0.2,0.3,0.4,0.5,0.6,0.7,0.8,0.9|Precision,0.668,0.720,0.866,0.896,0.944,0.975,0.975,1.000,1.000|Recall (TPR),0.978,0.943,0.894,0.882,0.846,0.821,0.797,0.749,0.724|F1,0.789,0.813,0.874,0.883,0.884,0.885,0.869,0.844,0.830|Accuracy,0.729,0.778,0.869,0.887,0.893,0.899,0.887,0.874,0.862
mouse_narrowChIP-seq_single-end	MAP-LOC-TSS	Decision Threshold:,0.1,0.2,0.3,0.4,0.5,0.6,0.7,0.8,0.9|Precision,0.791,0.835,0.882,0.931,0.952,0.973,0.973,0.973,0.986|Recall (TPR),0.956,0.919,0.919,0.919,0.919,0.919,0.919,0.883,0.846|F1,0.860,0.872,0.898,0.923,0.933,0.944,0.944,0.923,0.905|Accuracy,0.838,0.863,0.894,0.924,0.935,0.948,0.948,0.930,0.917
mouse_narrowChIP-seq_single-end	RAW-MAP-LOC-TSS	Decision Threshold:,0.1,0.2,0.3,0.4,0.5,0.6,0.7,0.8,0.9|Precision,0.782,0.837,0.892,0.941,0.952,0.986,0.986,0.986,1.000|Recall (TPR),0.965,0.943,0.919,0.907,0.907,0.894,0.894,0.894,0.882|F1,0.860,0.883,0.903,0.920,0.925,0.936,0.936,0.936,0.933|Accuracy,0.837,0.869,0.901,0.923,0.929,0.942,0.942,0.942,0.941
mouse_broadChIP-seq_single-end	RAW	Decision Threshold:,0.1,0.2,0.3,0.4,0.5,0.6,0.7,0.8,0.9|Precision,0.650,0.583,0.775,0.850,0.900,0.900,0.900,0.900,0.900|Recall (TPR),1.000,0.800,0.750,0.750,0.750,0.750,0.750,0.750,0.750|F1,0.778,0.648,0.736,0.767,0.800,0.800,0.800,0.800,0.800|Accuracy,0.692,0.642,0.783,0.825,0.875,0.875,0.875,0.875,0.875
mouse_broadChIP-seq_single-end	MAP	Decision Threshold:,0.1,0.2,0.3,0.4,0.5,0.6,0.7,0.8,0.9|Precision,0.727,0.933,0.917,0.917,0.917,0.917,0.917,0.917,0.767|Recall (TPR),0.950,0.950,0.900,0.900,0.900,0.900,0.900,0.900,0.600|F1,0.812,0.927,0.897,0.897,0.897,0.897,0.897,0.897,0.647|Accuracy,0.767,0.925,0.900,0.900,0.900,0.900,0.900,0.900,0.750
mouse_broadChIP-seq_single-end	LOC	Decision Threshold:,0.1,0.2,0.3,0.4,0.5,0.6,0.7,0.8,0.9|Precision,0.517,0.642,0.675,0.775,0.883,0.900,0.700,0.650,0.100|Recall (TPR),1.000,0.900,0.850,0.850,0.800,0.633,0.533,0.333,0.050|F1,0.680,0.726,0.734,0.779,0.810,0.727,0.593,0.430,0.067|Accuracy,0.525,0.658,0.700,0.758,0.825,0.767,0.717,0.617,0.525
mouse_broadChIP-seq_single-end	TSS	Decision Threshold:,0.1,0.2,0.3,0.4,0.5,0.6,0.7,0.8,0.9|Precision,0.643,0.708,0.752,0.792,0.850,0.883,0.800,0.800,0.750|Recall (TPR),0.917,0.917,0.917,0.883,0.833,0.833,0.733,0.600,0.517|F1,0.745,0.782,0.811,0.810,0.810,0.830,0.754,0.657,0.590|Accuracy,0.683,0.742,0.783,0.792,0.808,0.833,0.808,0.742,0.725
mouse_broadChIP-seq_single-end	RAW-MAP	Decision Threshold:,0.1,0.2,0.3,0.4,0.5,0.6,0.7,0.8,0.9|Precision,0.892,0.892,0.892,0.892,0.892,0.892,0.892,0.892,0.892|Recall (TPR),0.950,0.950,0.950,0.950,0.950,0.950,0.950,0.950,0.950|F1,0.916,0.916,0.916,0.916,0.916,0.916,0.916,0.916,0.916|Accuracy,0.908,0.908,0.908,0.908,0.908,0.908,0.908,0.908,0.908
mouse_broadChIP-seq_single-end	RAW-LOC	Decision Threshold:,0.1,0.2,0.3,0.4,0.5,0.6,0.7,0.8,0.9|Precision,0.568,0.668,0.777,0.793,0.858,0.683,0.667,0.600,0.400|Recall (TPR),1.000,1.000,0.950,0.800,0.800,0.650,0.550,0.417,0.250|F1,0.721,0.787,0.845,0.768,0.796,0.643,0.580,0.480,0.297|Accuracy,0.600,0.700,0.817,0.767,0.808,0.750,0.725,0.658,0.625
mouse_broadChIP-seq_single-end	RAW-TSS	Decision Threshold:,0.1,0.2,0.3,0.4,0.5,0.6,0.7,0.8,0.9|Precision,0.967,0.967,0.967,0.967,0.967,0.967,0.967,0.967,0.967|Recall (TPR),0.867,0.867,0.867,0.867,0.867,0.867,0.867,0.867,0.867|F1,0.893,0.893,0.893,0.893,0.893,0.893,0.893,0.893,0.893|Accuracy,0.908,0.908,0.908,0.908,0.908,0.908,0.908,0.908,0.908
mouse_broadChIP-seq_single-end	MAP-LOC	Decision Threshold:,0.1,0.2,0.3,0.4,0.5,0.6,0.7,0.8,0.9|Precision,0.917,0.917,0.917,0.917,0.917,0.917,0.917,0.917,0.917|Recall (TPR),0.950,0.950,0.950,0.950,0.950,0.950,0.950,0.950,0.950|F1,0.913,0.913,0.913,0.913,0.913,0.913,0.913,0.913,0.913|Accuracy,0.900,0.900,0.900,0.900,0.900,0.900,0.900,0.900,0.900
mouse_broadChIP-seq_single-end	MAP-TSS	Decision Threshold:,0.1,0.2,0.3,0.4,0.5,0.6,0.7,0.8,0.9|Precision,0.752,0.768,0.893,0.893,0.908,0.833,0.833,0.833,0.900|Recall (TPR),0.950,0.950,0.950,0.950,0.900,0.850,0.750,0.750,0.750|F1,0.814,0.827,0.902,0.902,0.879,0.827,0.760,0.760,0.800|Accuracy,0.775,0.800,0.892,0.892,0.883,0.875,0.825,0.825,0.875
mouse_broadChIP-seq_single-end	LOC-TSS	Decision Threshold:,0.1,0.2,0.3,0.4,0.5,0.6,0.7,0.8,0.9|Precision,0.768,0.808,0.858,0.858,0.908,0.908,0.808,0.808,0.717|Recall (TPR),0.900,0.850,0.850,0.850,0.800,0.800,0.750,0.750,0.617|F1,0.804,0.796,0.829,0.829,0.812,0.812,0.746,0.746,0.643|Accuracy,0.775,0.783,0.833,0.833,0.833,0.833,0.808,0.808,0.758
mouse_broadChIP-seq_single-end	RAW-MAP-LOC	Decision Threshold:,0.1,0.2,0.3,0.4,0.5,0.6,0.7,0.8,0.9|Precision,0.702,0.793,0.808,0.900,0.900,0.917,0.850,0.850,0.500|Recall (TPR),1.000,0.950,0.950,0.950,0.900,0.800,0.700,0.600,0.333|F1,0.814,0.842,0.852,0.907,0.873,0.830,0.750,0.683,0.393|Accuracy,0.750,0.817,0.833,0.900,0.875,0.850,0.825,0.775,0.667
mouse_broadChIP-seq_single-end	RAW-MAP-TSS	Decision Threshold:,0.1,0.2,0.3,0.4,0.5,0.6,0.7,0.8,0.9|Precision,0.858,0.858,0.858,0.892,0.892,0.925,0.925,0.925,0.925|Recall (TPR),0.950,0.950,0.950,0.950,0.950,0.950,0.950,0.850,0.850|F1,0.896,0.896,0.896,0.916,0.916,0.936,0.936,0.869,0.869|Accuracy,0.883,0.883,0.883,0.908,0.908,0.933,0.933,0.883,0.883
mouse_broadChIP-seq_single-end	RAW-LOC-TSS	Decision Threshold:,0.1,0.2,0.3,0.4,0.5,0.6,0.7,0.8,0.9|Precision,0.600,0.743,0.760,0.810,0.808,0.833,0.717,0.550,0.400|Recall (TPR),1.000,1.000,0.950,0.900,0.750,0.700,0.600,0.417,0.183|F1,0.745,0.842,0.832,0.832,0.746,0.727,0.630,0.463,0.247|Accuracy,0.642,0.792,0.792,0.817,0.808,0.800,0.750,0.658,0.592
mouse_broadChIP-seq_single-end	MAP-LOC-TSS	Decision Threshold:,0.1,0.2,0.3,0.4,0.5,0.6,0.7,0.8,0.9|Precision,0.853,0.942,0.967,0.967,0.867,0.867,0.900,0.900,0.900|Recall (TPR),0.900,0.900,0.900,0.900,0.800,0.800,0.750,0.750,0.700|F1,0.843,0.899,0.913,0.913,0.813,0.813,0.800,0.800,0.767|Accuracy,0.833,0.908,0.925,0.925,0.875,0.875,0.875,0.875,0.850
mouse_broadChIP-seq_single-end	RAW-MAP-LOC-TSS	Decision Threshold:,0.1,0.2,0.3,0.4,0.5,0.6,0.7,0.8,0.9|Precision,0.802,0.817,0.892,0.892,0.850,0.850,0.850,0.850,0.850|Recall (TPR),0.850,0.850,0.850,0.850,0.800,0.800,0.800,0.800,0.800|F1,0.807,0.818,0.849,0.849,0.817,0.817,0.817,0.817,0.817|Accuracy,0.800,0.817,0.858,0.858,0.875,0.875,0.875,0.875,0.875
